Date,o,h,l,c,v,cap
2017. 01. 01.,963.66,1003.08,958.7,998.33,147775008.0,16050407461.0
2017. 01. 02.,998.62,1031.39,996.7,1021.75,222184992.0,16429024775.0
2017. 01. 03.,1021.6,1044.08,1021.6,1043.84,185168000.0,16786368910.0
2017. 01. 04.,1044.4,1159.42,1044.4,1154.73,344945984.0,18571869009.0
2017. 01. 05.,1156.73,1191.1,910.42,1013.38,510199008.0,16300254795.0
2017. 01. 06.,1014.24,1046.81,883.94,902.2,351876000.0,14513695758.0
2017. 01. 07.,903.49,908.59,823.56,908.59,279550016.0,14618030536.0
2017. 01. 08.,908.17,942.72,887.25,911.2,158715008.0,14661966429.0
2017. 01. 09.,913.24,913.69,879.81,902.83,141876992.0,14528815565.0
2017. 01. 10.,902.44,914.87,901.06,907.68,115808000.0,14608685049.0
2017. 01. 11.,908.11,919.45,762.77,777.76,310928992.0,12519135996.0
2017. 01. 12.,775.18,826.25,755.76,804.83,222326000.0,12956730411.0
2017. 01. 13.,803.74,829.0,780.0,823.98,168968000.0,13266554392.0
2017. 01. 14.,825.14,835.09,812.46,818.41,93063296.0,13178601992.0
2017. 01. 15.,818.14,823.31,812.87,821.8,71013600.0,13234840657.0
2017. 01. 16.,821.78,834.53,820.27,831.53,82755200.0,13393372620.0
2017. 01. 17.,830.95,910.56,830.8,907.94,155095008.0,14625779851.0
2017. 01. 18.,909.37,917.5,858.3,886.62,225676992.0,14284036613.0
2017. 01. 19.,888.34,904.61,884.34,899.07,105625000.0,14486616700.0
2017. 01. 20.,898.17,899.4,887.01,895.03,86728400.0,14423545371.0
2017. 01. 21.,895.55,927.37,895.53,921.79,111158000.0,14856911163.0
2017. 01. 22.,922.21,937.53,897.56,924.67,116573000.0,14905439337.0
2017. 01. 23.,925.5,928.27,916.74,921.01,73588600.0,14848013909.0
2017. 01. 24.,910.68,924.15,892.29,892.69,111349000.0,14393026385.0
2017. 01. 25.,891.92,903.25,891.69,901.54,120831000.0,14537488261.0
2017. 01. 26.,902.4,919.33,902.22,917.59,131958000.0,14797955301.0
2017. 01. 27.,918.36,923.22,915.85,919.75,125594000.0,14834831700.0
2017. 01. 28.,919.81,923.91,919.81,921.59,68979600.0,14866260449.0
2017. 01. 29.,922.07,923.42,919.15,919.5,60851700.0,14834377926.0
2017. 01. 30.,920.15,923.05,919.47,920.38,78227296.0,14850351605.0
2017. 01. 31.,920.96,972.02,920.96,970.4,164582000.0,15659186515.0
2017. 02. 01.,970.94,989.11,970.74,989.02,150110000.0,15962015276.0
2017. 02. 02.,990.0,1013.52,983.22,1011.8,145820992.0,16331615570.0
2017. 02. 03.,1011.46,1033.87,1008.79,1029.91,201278000.0,16625849489.0
2017. 02. 04.,1031.33,1045.9,1015.16,1042.9,155064000.0,16837411920.0
2017. 02. 05.,1043.52,1043.63,1022.37,1027.34,114208000.0,16588240157.0
2017. 02. 06.,1028.4,1044.64,1028.16,1038.15,111762000.0,16764422010.0
2017. 02. 07.,1040.14,1061.93,1040.14,1061.35,146007008.0,17141080574.0
2017. 02. 08.,1062.32,1078.97,1037.49,1063.07,201855008.0,17170799127.0
2017. 02. 09.,1064.7,1088.99,953.34,994.38,407220000.0,16063448932.0
2017. 02. 10.,995.63,998.91,946.69,988.67,190452000.0,15973053725.0
2017. 02. 11.,988.9,1009.29,982.83,1004.45,102261000.0,16229677099.0
2017. 02. 12.,1003.52,1004.76,996.92,999.18,67530000.0,16146290349.0
2017. 02. 13.,998.89,1002.1,976.0,990.64,100607000.0,16010322103.0
2017. 02. 14.,991.73,1011.51,986.47,1004.55,137946000.0,16237219721.0
2017. 02. 15.,1006.21,1008.84,1001.58,1007.48,89759400.0,16286329282.0
2017. 02. 16.,1007.65,1033.37,1007.65,1027.44,122277000.0,16610905026.0
2017. 02. 17.,1026.12,1053.17,1025.64,1046.21,136474000.0,16916338976.0
2017. 02. 18.,1049.21,1061.1,1046.96,1054.42,99073504.0,17051064834.0
2017. 02. 19.,1054.76,1056.81,1043.46,1047.87,77423296.0,16946913346.0
2017. 02. 20.,1048.69,1080.49,1041.69,1079.98,109478000.0,17468244508.0
2017. 02. 21.,1079.28,1117.25,1076.93,1115.3,186868992.0,18041455273.0
2017. 02. 22.,1114.8,1125.39,1100.55,1117.44,136100000.0,18077985665.0
2017. 02. 23.,1117.27,1176.62,1116.96,1166.72,189454000.0,18877442096.0
2017. 02. 24.,1172.71,1200.39,1131.96,1173.68,330759008.0,18992415818.0
2017. 02. 25.,1170.41,1174.85,1124.59,1143.84,139960992.0,18511906560.0
2017. 02. 26.,1144.27,1167.47,1130.2,1165.2,116486000.0,18860247630.0
2017. 02. 27.,1163.78,1181.98,1163.38,1179.97,131570000.0,19101427518.0
2017. 02. 28.,1180.72,1193.25,1171.82,1179.97,184956000.0,19103684801.0
2017. 03. 01.,1180.04,1222.5,1179.69,1222.5,229056992.0,19794459608.0
2017. 03. 02.,1224.68,1262.13,1215.62,1251.01,368275008.0,20258543188.0
2017. 03. 03.,1250.71,1280.31,1250.71,1274.99,315739008.0,20649259919.0
2017. 03. 04.,1277.43,1279.4,1230.51,1255.15,183270000.0,20329978338.0
2017. 03. 05.,1254.29,1267.29,1238.06,1267.12,134127000.0,20526235270.0
2017. 03. 06.,1267.47,1276.0,1264.6,1272.83,153656992.0,20620991547.0
2017. 03. 07.,1273.21,1275.55,1204.8,1223.54,291256000.0,19824773912.0
2017. 03. 08.,1223.23,1232.16,1148.08,1150.0,332603008.0,18635275050.0
2017. 03. 09.,1150.35,1197.46,1141.23,1188.49,212283008.0,19261188310.0
2017. 03. 10.,1189.36,1270.47,1077.25,1116.72,563795968.0,18100188612.0
2017. 03. 11.,1116.32,1193.83,1116.32,1175.83,283320000.0,19060468862.0
2017. 03. 12.,1176.62,1226.98,1175.36,1221.38,227176000.0,19801195767.0
2017. 03. 13.,1221.78,1237.37,1217.03,1231.92,380276992.0,19974334865.0
2017. 03. 14.,1232.16,1244.81,1220.72,1240.0,245306000.0,20107761880.0
2017. 03. 15.,1240.16,1251.61,1239.75,1249.61,297804992.0,20265831337.0
2017. 03. 16.,1251.33,1257.98,1152.44,1187.81,638568000.0,19265847025.0
2017. 03. 17.,1180.16,1180.16,1099.57,1100.23,706598976.0,17847435957.0
2017. 03. 18.,1099.69,1114.07,957.66,973.82,621302016.0,15798760668.0
2017. 03. 19.,976.73,1069.91,976.73,1036.74,406648000.0,16821676707.0
2017. 03. 20.,1037.24,1063.03,1036.68,1054.23,286529984.0,17107266418.0
2017. 03. 21.,1055.36,1122.43,1055.36,1120.54,337391008.0,18185299687.0
2017. 03. 22.,1120.65,1120.65,1014.21,1049.14,380840992.0,17028630158.0
2017. 03. 23.,1050.05,1058.01,1028.93,1038.59,248540000.0,16859314109.0
2017. 03. 24.,1038.45,1040.47,934.36,937.52,491038016.0,15220718764.0
2017. 03. 25.,936.54,975.76,903.71,972.78,435803008.0,15794781102.0
2017. 03. 26.,974.02,1007.96,954.19,966.72,303668000.0,15698465531.0
2017. 03. 27.,972.05,1046.4,971.98,1045.77,372535008.0,16983801541.0
2017. 03. 28.,1044.58,1064.65,1027.73,1047.15,326332000.0,17008241726.0
2017. 03. 29.,1046.08,1055.13,1015.88,1039.97,298457984.0,16893415156.0
2017. 03. 30.,1042.21,1049.29,1020.04,1026.43,352968992.0,16675587066.0
2017. 03. 31.,1026.64,1074.92,1026.64,1071.79,447287008.0,17414322808.0
2017. 04. 01.,1071.71,1091.72,1061.09,1080.5,289633984.0,17557597716.0
2017. 04. 02.,1080.61,1107.59,1075.45,1102.17,514187008.0,17911915755.0
2017. 04. 03.,1102.95,1151.74,1102.95,1143.81,580444032.0,18591158323.0
2017. 04. 04.,1145.52,1156.44,1120.52,1133.25,436310016.0,18421262063.0
2017. 04. 05.,1134.14,1135.09,1113.63,1124.78,414784000.0,18285857775.0
2017. 04. 06.,1125.81,1188.37,1125.81,1182.68,511222016.0,19229356147.0
2017. 04. 07.,1178.94,1186.58,1163.39,1176.9,317022016.0,19137747435.0
2017. 04. 08.,1172.65,1184.98,1162.58,1175.95,209312000.0,19124327856.0
2017. 04. 09.,1176.57,1197.21,1171.86,1187.87,242343008.0,19320511927.0
2017. 04. 10.,1187.3,1190.34,1179.04,1187.13,215883008.0,19310642460.0
2017. 04. 11.,1187.46,1208.07,1187.46,1205.01,216182000.0,19604036563.0
2017. 04. 12.,1204.81,1207.14,1196.76,1200.37,288702016.0,19530680104.0
2017. 04. 13.,1201.02,1205.89,1156.44,1169.28,351968992.0,19026699552.0
2017. 04. 14.,1170.33,1190.8,1159.79,1167.54,254827008.0,19000400018.0
2017. 04. 15.,1167.3,1188.0,1164.96,1172.52,203559008.0,19083656460.0
2017. 04. 16.,1172.61,1187.22,1172.61,1182.94,183231008.0,19255408766.0
2017. 04. 17.,1183.25,1194.9,1172.65,1193.91,253206000.0,19436033390.0
2017. 04. 18.,1193.77,1217.57,1193.77,1211.67,270524000.0,19727334977.0
2017. 04. 19.,1212.13,1215.51,1205.08,1210.29,288060992.0,19707045565.0
2017. 04. 20.,1211.08,1240.79,1208.41,1229.08,315108000.0,20015137622.0
2017. 04. 21.,1229.42,1235.94,1215.56,1222.05,272167008.0,19903192286.0
2017. 04. 22.,1222.71,1235.56,1208.47,1231.71,249320000.0,20062753908.0
2017. 04. 23.,1231.92,1232.2,1203.94,1207.21,258951008.0,19665994145.0
2017. 04. 24.,1209.63,1250.94,1209.63,1250.15,235806000.0,20367443800.0
2017. 04. 25.,1250.45,1267.58,1249.97,1265.49,242556000.0,20619704237.0
2017. 04. 26.,1265.99,1294.83,1265.93,1281.08,329631008.0,20876159410.0
2017. 04. 27.,1281.88,1319.7,1281.3,1317.73,449196992.0,21475836448.0
2017. 04. 28.,1317.74,1331.28,1292.37,1316.48,527488992.0,21457669552.0
2017. 04. 29.,1317.84,1327.2,1315.21,1321.79,422705984.0,21547126640.0
2017. 04. 30.,1321.87,1347.91,1314.92,1347.89,413115008.0,21975104909.0
2017. 05. 01.,1348.3,1434.32,1348.3,1421.6,713624000.0,23179524919.0
2017. 05. 02.,1421.03,1473.9,1415.69,1452.82,477337984.0,23691443738.0
2017. 05. 03.,1453.78,1492.77,1447.49,1490.09,583795968.0,24301634925.0
2017. 05. 04.,1490.72,1608.91,1490.72,1537.67,933548992.0,25080858487.0
2017. 05. 05.,1540.87,1618.03,1530.31,1555.45,946035968.0,25373374563.0
2017. 05. 06.,1556.81,1578.8,1542.5,1578.8,582529984.0,25757608890.0
2017. 05. 07.,1579.47,1596.72,1559.76,1596.71,1080029952.0,26053077975.0
2017. 05. 08.,1596.92,1723.35,1596.92,1723.35,1340320000.0,28123369330.0
2017. 05. 09.,1723.89,1833.49,1716.3,1755.36,1167920000.0,28649119972.0
2017. 05. 10.,1756.52,1788.44,1719.1,1787.13,915723008.0,29170965564.0
2017. 05. 11.,1780.37,1873.93,1755.35,1848.57,799489984.0,30176934751.0
2017. 05. 12.,1845.76,1856.15,1694.01,1724.24,740984000.0,28150631936.0
2017. 05. 13.,1723.12,1812.99,1651.08,1804.91,579635008.0,29471223857.0
2017. 05. 14.,1800.86,1831.42,1776.62,1808.91,437196000.0,29540290794.0
2017. 05. 15.,1808.44,1812.8,1708.54,1738.43,731529024.0,28392885375.0
2017. 05. 16.,1741.7,1785.94,1686.54,1734.45,959044992.0,28330874003.0
2017. 05. 17.,1726.73,1864.05,1661.91,1839.09,1064729984.0,30043626195.0
2017. 05. 18.,1818.7,1904.48,1807.12,1888.65,894321024.0,30856574835.0
2017. 05. 19.,1897.37,2004.52,1890.25,1987.71,1157289984.0,32479082015.0
2017. 05. 20.,1984.24,2084.73,1974.92,2084.73,961336000.0,34068630559.0
2017. 05. 21.,2067.03,2119.08,2037.5,2041.2,1147859968.0,33361091114.0
2017. 05. 22.,2043.19,2303.9,2017.87,2173.4,1942220032.0,35525744380.0
2017. 05. 23.,2191.56,2320.82,2178.5,2320.42,1378749952.0,37933704066.0
2017. 05. 24.,2321.37,2523.72,2321.37,2443.64,1725379968.0,39952841999.0
2017. 05. 25.,2446.24,2763.71,2285.3,2304.98,2406700032.0,37690456715.0
2017. 05. 26.,2320.89,2573.79,2071.99,2202.42,1763480064.0,36017660894.0
2017. 05. 27.,2196.27,2260.2,1855.83,2038.87,1700480000.0,33347170525.0
2017. 05. 28.,2054.08,2267.34,2054.08,2155.8,1147139968.0,35264171110.0
2017. 05. 29.,2159.43,2307.05,2107.17,2255.61,994625024.0,36901102917.0
2017. 05. 30.,2255.36,2301.96,2124.57,2175.47,1443970048.0,35594903085.0
2017. 05. 31.,2187.19,2311.08,2145.57,2286.41,1544829952.0,37414813240.0
2017. 06. 01.,2288.33,2448.39,2288.33,2407.88,1653180032.0,39407633763.0
2017. 06. 02.,2404.03,2488.55,2373.32,2488.55,1317030016.0,40732491835.0
2017. 06. 03.,2493.72,2581.91,2423.57,2515.35,1514950016.0,41177190057.0
2017. 06. 04.,2547.79,2585.89,2452.54,2511.81,1355120000.0,41124262595.0
2017. 06. 05.,2512.4,2686.81,2510.22,2686.81,1369309952.0,43994968834.0
2017. 06. 06.,2690.84,2999.91,2690.84,2863.2,2089609984.0,46888622160.0
2017. 06. 07.,2869.38,2869.38,2700.56,2732.16,1517709952.0,44748237218.0
2017. 06. 08.,2720.49,2815.3,2670.95,2805.62,1281170048.0,45957247989.0
2017. 06. 09.,2807.44,2901.71,2795.62,2823.81,1348950016.0,46260465854.0
2017. 06. 10.,2828.14,2950.99,2746.55,2947.71,2018889984.0,48295501718.0
2017. 06. 11.,2942.41,2996.6,2840.53,2958.11,1752400000.0,48471330146.0
2017. 06. 12.,2953.22,2997.26,2518.56,2659.63,2569530112.0,43585351533.0
2017. 06. 13.,2680.91,2789.04,2650.38,2717.02,1781200000.0,44530631894.0
2017. 06. 14.,2716.88,2786.83,2412.94,2506.37,1696560000.0,41082567339.0
2017. 06. 15.,2499.58,2534.71,2212.96,2464.58,2026259968.0,40402259202.0
2017. 06. 16.,2469.57,2539.92,2385.15,2518.56,1195190016.0,41291821423.0
2017. 06. 17.,2514.01,2685.19,2484.96,2655.88,1534509952.0,43548031452.0
2017. 06. 18.,2655.35,2662.1,2516.33,2548.29,1178659968.0,41788418974.0
2017. 06. 19.,2549.03,2662.85,2549.03,2589.6,1446840064.0,42470734800.0
2017. 06. 20.,2591.26,2763.45,2589.82,2721.79,1854189952.0,44643512689.0
2017. 06. 21.,2709.43,2772.01,2660.4,2689.1,1626579968.0,44111929173.0
2017. 06. 22.,2691.03,2723.74,2642.36,2705.41,1097939968.0,44384244937.0
2017. 06. 23.,2707.34,2765.17,2706.37,2744.91,961318976.0,45037797053.0
2017. 06. 24.,2738.52,2757.94,2583.19,2608.72,982750016.0,42807952581.0
2017. 06. 25.,2607.25,2682.26,2552.12,2589.41,1161100032.0,42495001716.0
2017. 06. 26.,2590.57,2615.25,2376.29,2478.45,1663280000.0,40677994354.0
2017. 06. 27.,2478.45,2552.45,2332.99,2552.45,1489789952.0,41897190525.0
2017. 06. 28.,2553.03,2603.98,2484.42,2574.79,1183869952.0,42268942193.0
2017. 06. 29.,2567.56,2588.83,2510.48,2539.32,949979008.0,41690395783.0
2017. 06. 30.,2539.24,2559.25,2478.43,2480.84,860273024.0,40735082695.0
2017. 07. 01.,2492.6,2515.27,2419.23,2434.55,779913984.0,39980058373.0
2017. 07. 02.,2436.4,2514.28,2394.84,2506.47,803747008.0,41167015221.0
2017. 07. 03.,2498.56,2595.0,2480.47,2564.06,964112000.0,42118211083.0
2017. 07. 04.,2561.0,2631.59,2559.35,2601.64,985516032.0,42740618673.0
2017. 07. 05.,2602.87,2622.65,2538.55,2601.99,941566016.0,42751085999.0
2017. 07. 06.,2608.1,2616.72,2581.69,2608.56,761956992.0,42863758795.0
2017. 07. 07.,2608.59,2916.14,2498.87,2518.66,917411968.0,41391217675.0
2017. 07. 08.,2520.27,2571.34,2492.31,2571.34,733329984.0,42262222823.0
2017. 07. 09.,2572.61,2635.49,2517.59,2518.44,527856000.0,41397076604.0
2017. 07. 10.,2525.25,2537.16,2321.13,2372.56,1111200000.0,39005033499.0
2017. 07. 11.,2385.89,2413.47,2296.81,2337.79,1329760000.0,38438497236.0
2017. 07. 12.,2332.77,2423.71,2275.14,2398.84,1117410048.0,39447604438.0
2017. 07. 13.,2402.7,2425.22,2340.83,2357.9,835769984.0,38778935907.0
2017. 07. 14.,2360.59,2363.25,2183.22,2233.34,882502976.0,36734255488.0
2017. 07. 15.,2230.12,2231.14,1990.41,1998.86,993608000.0,32880721300.0
2017. 07. 16.,1991.98,2058.77,1843.03,1929.82,1182870016.0,31748939343.0
2017. 07. 17.,1932.62,2230.49,1932.62,2228.41,1201760000.0,36665393517.0
2017. 07. 18.,2233.52,2387.61,2164.77,2318.88,1512450048.0,38158677672.0
2017. 07. 19.,2323.08,2397.17,2260.23,2273.43,1245100032.0,37415031061.0
2017. 07. 20.,2269.89,2900.7,2269.89,2817.6,2249260032.0,46376428080.0
2017. 07. 21.,2838.41,2838.41,2621.85,2667.76,1489449984.0,43915296559.0
2017. 07. 22.,2668.63,2862.42,2657.71,2810.12,1177129984.0,46264340367.0
2017. 07. 23.,2808.1,2832.18,2653.94,2730.4,1072840000.0,44957775265.0
2017. 07. 24.,2732.7,2777.26,2699.19,2754.86,866473984.0,45366654309.0
2017. 07. 25.,2757.5,2768.08,2480.96,2576.48,1460089984.0,42433788244.0
2017. 07. 26.,2577.77,2610.76,2450.8,2529.45,937404032.0,41663929265.0
2017. 07. 27.,2538.71,2693.32,2529.34,2671.78,789104000.0,44013533097.0
2017. 07. 28.,2679.73,2897.45,2679.73,2809.01,1380099968.0,46279316161.0
2017. 07. 29.,2807.02,2808.76,2692.8,2726.45,803745984.0,44924534585.0
2017. 07. 30.,2724.39,2758.53,2644.85,2757.18,705942976.0,45435913868.0
2017. 07. 31.,2763.24,2889.62,2720.61,2875.34,860574976.0,47388334773.0
2017. 08. 01.,2871.3,2921.35,2685.61,2718.26,1324669952.0,44804603885.0
2017. 08. 02.,2727.13,2762.53,2668.59,2710.67,1094950016.0,44684649516.0
2017. 08. 03.,2709.56,2813.31,2685.14,2804.73,804796992.0,46239970790.0
2017. 08. 04.,2806.93,2899.33,2743.72,2895.89,1002120000.0,47749461443.0
2017. 08. 05.,2897.63,3290.01,2874.83,3252.91,1945699968.0,53643452554.0
2017. 08. 06.,3257.61,3293.29,3155.6,3213.94,1105030016.0,53006426108.0
2017. 08. 07.,3212.78,3397.68,3180.89,3378.94,1482279936.0,55734179251.0
2017. 08. 08.,3370.22,3484.85,3345.83,3419.94,1752760064.0,56417337745.0
2017. 08. 09.,3420.4,3422.76,3247.67,3342.47,1468960000.0,55145196472.0
2017. 08. 10.,3341.84,3453.45,3319.47,3381.28,1515110016.0,55791120000.0
2017. 08. 11.,3373.82,3679.72,3372.12,3650.62,2021190016.0,60241844923.0
2017. 08. 12.,3650.63,3949.92,3613.7,3884.71,2219589888.0,64111163866.0
2017. 08. 13.,3880.04,4208.39,3857.8,4073.26,3159089920.0,67230528989.0
2017. 08. 14.,4066.1,4325.13,3989.16,4325.13,2463089920.0,71394704654.0
2017. 08. 15.,4326.99,4455.97,3906.18,4181.93,3258050048.0,69038855081.0
2017. 08. 16.,4200.34,4381.23,3994.42,4376.63,2272039936.0,72260183303.0
2017. 08. 17.,4384.44,4484.7,4243.71,4331.69,2553359872.0,71527949443.0
2017. 08. 18.,4324.34,4370.13,4015.4,4160.62,2941710080.0,68710871037.0
2017. 08. 19.,4137.75,4243.26,3970.55,4193.7,2975820032.0,69265141208.0
2017. 08. 20.,4189.31,4196.29,4069.88,4087.66,2109769984.0,67520478838.0
2017. 08. 21.,4090.48,4109.14,3988.6,4001.74,2800890112.0,66106992038.0
2017. 08. 22.,3998.35,4128.76,3674.58,4100.52,3764239872.0,67743202431.0
2017. 08. 23.,4089.01,4255.78,4078.41,4151.52,2369819904.0,68593954170.0
2017. 08. 24.,4137.6,4376.39,4130.26,4334.68,2037750016.0,71625870868.0
2017. 08. 25.,4332.82,4455.7,4307.35,4371.6,1727970048.0,72241507489.0
2017. 08. 26.,4372.06,4379.28,4269.52,4352.4,1511609984.0,71929882019.0
2017. 08. 27.,4345.1,4416.59,4317.29,4382.88,1537459968.0,72441993792.0
2017. 08. 28.,4384.45,4403.93,4224.64,4382.66,1959330048.0,72445588933.0
2017. 08. 29.,4389.21,4625.68,4352.13,4579.02,2486080000.0,75699786263.0
2017. 08. 30.,4570.36,4626.52,4471.41,4565.3,1937849984.0,75482724984.0
2017. 08. 31.,4555.59,4736.05,4549.4,4703.39,1944930048.0,77775374625.0
2017. 09. 01.,4701.76,4892.01,4678.53,4892.01,2599079936.0,80905039782.0
2017. 09. 02.,4901.42,4975.04,4469.24,4578.77,2722139904.0,75734114962.0
2017. 09. 03.,4585.27,4714.08,4417.59,4582.96,1933190016.0,75812181334.0
2017. 09. 04.,4591.63,4591.63,4108.4,4236.31,2987330048.0,70087101256.0
2017. 09. 05.,4228.29,4427.84,3998.11,4376.53,2697969920.0,72417728536.0
2017. 09. 06.,4376.59,4617.25,4376.59,4597.12,2172100096.0,76077049312.0
2017. 09. 07.,4589.14,4655.04,4491.33,4599.88,1844620032.0,76132843874.0
2017. 09. 08.,4605.16,4661.0,4075.18,4228.75,2700890112.0,69999555938.0
2017. 09. 09.,4229.81,4308.82,4114.11,4226.06,1386230016.0,69963847482.0
2017. 09. 10.,4229.34,4245.44,3951.04,4122.94,1679090048.0,68263826801.0
2017. 09. 11.,4122.47,4261.67,4099.4,4161.27,1557330048.0,68907352119.0
2017. 09. 12.,4168.88,4344.65,4085.22,4130.81,1864530048.0,68412822896.0
2017. 09. 13.,4131.98,4131.98,3789.92,3882.59,2219409920.0,64311123695.0
2017. 09. 14.,3875.37,3920.6,3153.86,3154.95,2716310016.0,52265453816.0
2017. 09. 15.,3166.3,3733.45,2946.62,3637.52,4148069888.0,60267886368.0
2017. 09. 16.,3637.75,3808.84,3487.79,3625.04,1818400000.0,60068678195.0
2017. 09. 17.,3606.28,3664.81,3445.64,3582.88,1239149952.0,59377995376.0
2017. 09. 18.,3591.09,4079.23,3591.09,4065.2,1943209984.0,67377945990.0
2017. 09. 19.,4073.79,4094.07,3868.87,3924.97,1563980032.0,65061185838.0
2017. 09. 20.,3916.36,4031.39,3857.73,3905.95,1213830016.0,64751811835.0
2017. 09. 21.,3901.47,3916.42,3613.63,3631.04,1411480064.0,60202370872.0
2017. 09. 22.,3628.02,3758.27,3553.53,3630.7,1194829952.0,60203040223.0
2017. 09. 23.,3629.92,3819.21,3594.58,3792.4,928113984.0,62892069389.0
2017. 09. 24.,3796.15,3796.15,3666.9,3682.84,768014976.0,61081971156.0
2017. 09. 25.,3681.58,3950.25,3681.58,3926.07,1374210048.0,65122213849.0
2017. 09. 26.,3928.41,3969.89,3869.9,3892.35,1043740032.0,64569365079.0
2017. 09. 27.,3892.94,4210.05,3884.82,4200.67,1686880000.0,69691950752.0
2017. 09. 28.,4197.13,4279.31,4109.7,4174.73,1712320000.0,69270823146.0
2017. 09. 29.,4171.62,4214.63,4039.29,4163.07,1367049984.0,69086146650.0
2017. 09. 30.,4166.11,4358.43,4160.86,4338.71,1207449984.0,72008428789.0
2017. 10. 01.,4341.05,4403.74,4269.81,4403.74,1208210048.0,73094870674.0
2017. 10. 02.,4395.81,4470.23,4377.46,4409.32,1431730048.0,73195646776.0
2017. 10. 03.,4408.46,4432.47,4258.89,4317.48,1288019968.0,71681069637.0
2017. 10. 04.,4319.37,4352.31,4210.42,4229.36,1116770048.0,70225033578.0
2017. 10. 05.,4229.88,4362.64,4164.05,4328.41,1161769984.0,71876277937.0
2017. 10. 06.,4324.46,4413.27,4320.53,4370.81,1069939968.0,72589262957.0
2017. 10. 07.,4369.35,4443.88,4321.05,4426.89,906928000.0,73529314833.0
2017. 10. 08.,4429.67,4624.14,4405.64,4610.48,1313869952.0,76589293760.0
2017. 10. 09.,4614.52,4878.71,4564.25,4772.02,1968739968.0,79282158943.0
2017. 10. 10.,4776.21,4922.17,4765.1,4781.99,1597139968.0,79457603224.0
2017. 10. 11.,4789.25,4873.73,4751.63,4826.48,1222279936.0,80205238020.0
2017. 10. 12.,4829.58,5446.91,4822.0,5446.91,2791610112.0,90525666972.0
2017. 10. 13.,5464.16,5840.3,5436.85,5647.21,3615480064.0,93864253934.0
2017. 10. 14.,5643.53,5837.7,5591.64,5831.79,1669030016.0,96942498331.0
2017. 10. 15.,5835.96,5852.48,5478.61,5678.19,1976039936.0,94403031755.0
2017. 10. 16.,5687.57,5776.23,5544.21,5725.59,2008070016.0,95203392843.0
2017. 10. 17.,5741.58,5800.35,5472.72,5605.51,1821570048.0,93218297189.0
2017. 10. 18.,5603.82,5603.82,5151.44,5590.69,2399269888.0,92982539106.0
2017. 10. 19.,5583.74,5744.35,5531.06,5708.52,1780540032.0,94954808115.0
2017. 10. 20.,5708.11,6060.11,5627.23,6011.45,2354429952.0,100007083345.0
2017. 10. 21.,5996.79,6194.88,5965.07,6031.6,2207099904.0,100353682389.0
2017. 10. 22.,6036.66,6076.26,5792.34,6008.42,2034630016.0,99981911326.0
2017. 10. 23.,6006.0,6075.59,5732.47,5930.32,2401840128.0,98695054084.0
2017. 10. 24.,5935.52,5935.52,5504.18,5526.64,2735699968.0,91988225800.0
2017. 10. 25.,5524.6,5754.33,5397.88,5750.8,1966989952.0,95732630220.0
2017. 10. 26.,5747.95,5976.8,5721.22,5904.83,1905040000.0,98310176011.0
2017. 10. 27.,5899.74,5988.39,5728.82,5780.9,1710130048.0,96254297360.0
2017. 10. 28.,5787.82,5876.72,5689.19,5753.09,1403920000.0,95797359518.0
2017. 10. 29.,5754.44,6255.71,5724.58,6153.85,2859040000.0,102482445590.0
2017. 10. 30.,6114.85,6214.99,6040.85,6130.53,1772150016.0,102105356519.0
2017. 10. 31.,6132.02,6470.43,6103.33,6468.4,2311379968.0,107743731291.0
2017. 11. 01.,6440.97,6767.31,6377.88,6767.31,2870320128.0,112735345036.0
2017. 11. 02.,6777.77,7367.33,6758.72,7078.5,4653770240.0,117933380780.0
2017. 11. 03.,7087.53,7461.29,7002.94,7207.76,3369860096.0,120097405359.0
2017. 11. 04.,7164.48,7492.86,7031.28,7379.95,2483800064.0,122978748805.0
2017. 11. 05.,7404.52,7617.48,7333.19,7407.41,2380410112.0,123449206170.0
2017. 11. 06.,7403.22,7445.77,7007.31,7022.76,3111899904.0,117050623317.0
2017. 11. 07.,7023.1,7253.32,7023.1,7144.38,2326340096.0,119091456315.0
2017. 11. 08.,7141.38,7776.42,7114.02,7459.69,4602200064.0,124360767999.0
2017. 11. 09.,7446.83,7446.83,7101.52,7143.58,3226249984.0,119104730750.0
2017. 11. 10.,7173.73,7312.0,6436.87,6618.14,5208249856.0,110354089394.0
2017. 11. 11.,6618.61,6873.15,6204.22,6357.6,4908680192.0,106016076151.0
2017. 11. 12.,6295.45,6625.05,5519.01,5950.07,8957349888.0,99226193603.0
2017. 11. 13.,5938.25,6811.19,5844.29,6559.49,6263249920.0,109400650105.0
2017. 11. 14.,6561.48,6764.98,6461.75,6635.75,3197110016.0,110683148744.0
2017. 11. 15.,6634.76,7342.25,6634.76,7315.54,4200880128.0,122035826506.0
2017. 11. 16.,7323.24,7967.38,7176.58,7871.69,5123809792.0,131328418537.0
2017. 11. 17.,7853.57,8004.59,7561.09,7708.99,4651670016.0,128621507062.0
2017. 11. 18.,7697.21,7884.99,7463.44,7790.15,3667190016.0,129997247838.0
2017. 11. 19.,7766.03,8101.91,7694.1,8036.49,3149319936.0,134124196206.0
2017. 11. 20.,8039.07,8336.86,7949.36,8200.64,3488450048.0,136881802624.0
2017. 11. 21.,8205.74,8348.66,7762.71,8071.26,4277609984.0,134739693480.0
2017. 11. 22.,8077.95,8302.26,8075.47,8253.55,3633530112.0,137797862084.0
2017. 11. 23.,8232.38,8267.4,8038.77,8038.77,4225179904.0,134227860479.0
2017. 11. 24.,8074.02,8374.16,7940.93,8253.69,5058610176.0,137831976173.0
2017. 11. 25.,8241.71,8790.92,8191.15,8790.92,4342060032.0,146820557006.0
2017. 11. 26.,8789.04,9522.93,8775.59,9330.55,5475579904.0,155850742551.0
2017. 11. 27.,9352.72,9818.35,9352.72,9818.35,5653320192.0,164019464090.0
2017. 11. 28.,9823.43,10125.7,9736.3,10058.8,6348819968.0,168056012886.0
2017. 11. 29.,10077.4,11517.4,9601.03,9888.61,11568799744.0,165233728795.0
2017. 11. 30.,9906.79,10801.0,9202.05,10233.6,8310689792.0,171020085600.0
2017. 12. 01.,10198.6,11046.7,9694.65,10975.6,6783119872.0,183444663767.0
2017. 12. 02.,10978.3,11320.2,10905.1,11074.6,5138500096.0,185122039035.0
2017. 12. 03.,11082.7,11858.7,10862.0,11323.2,6608309760.0,189302389920.0
2017. 12. 04.,11315.4,11657.2,11081.8,11657.2,6132409856.0,194912755450.0
2017. 12. 05.,11685.7,12032.0,11604.6,11916.7,6895260160.0,199278350420.0
2017. 12. 06.,11923.4,14369.1,11923.4,14291.5,12656300032.0,239024437136.0
2017. 12. 07.,14266.1,17899.7,14057.3,17899.7,17950699520.0,299405364249.0
2017. 12. 08.,17802.9,18353.4,14336.9,16569.4,21135998976.0,277185764485.0
2017. 12. 09.,16523.3,16783.0,13674.9,15178.2,13911300096.0,253946084745.0
2017. 12. 10.,15168.4,15850.6,13226.6,15455.4,13433299968.0,258615393665.0
2017. 12. 11.,15427.4,17513.9,15404.8,16936.8,12153900032.0,283439888520.0
2017. 12. 12.,16919.8,17781.8,16571.6,17415.4,14603799552.0,291483935710.0
2017. 12. 13.,17500.0,17653.1,16039.7,16408.2,12976900096.0,274663619978.0
2017. 12. 14.,16384.6,17085.8,16185.9,16564.0,13777399808.0,277310347000.0
2017. 12. 15.,16601.3,18154.1,16601.3,17706.9,14309999616.0,296482120238.0
2017. 12. 16.,17760.3,19716.7,17515.3,19497.4,12740599808.0,326502485530.0
2017. 12. 17.,19475.8,20089.0,18974.1,19140.8,13314599936.0,320576568850.0
2017. 12. 18.,19106.4,19371.0,18355.9,19114.2,14839499776.0,320174318520.0
2017. 12. 19.,19118.3,19177.8,17275.4,17776.7,16894499840.0,297801055828.0
2017. 12. 20.,17760.3,17934.7,16077.7,16624.6,22149699584.0,278528964015.0
2017. 12. 21.,16642.4,17567.7,15342.7,15802.9,16516599808.0,264788651530.0
2017. 12. 22.,15898.0,15943.4,11833.0,13831.8,22197999616.0,231788283457.0
2017. 12. 23.,13948.7,15603.2,13828.8,14699.2,13086000128.0,246349213910.0
2017. 12. 24.,14608.2,14626.0,12747.7,13925.8,11572299776.0,233414163395.0
2017. 12. 25.,13995.9,14593.0,13448.9,14026.6,10664699904.0,235126843805.0
2017. 12. 26.,14036.6,16461.2,14028.9,16099.8,13454300160.0,269908107763.0
2017. 12. 27.,16163.5,16930.9,15114.3,15838.5,12487600128.0,265559172050.0
2017. 12. 28.,15864.1,15888.4,13937.3,14606.5,12336499712.0,244929825575.0
2017. 12. 29.,14695.8,15279.0,14307.0,14656.2,13025500160.0,245793634125.0
2017. 12. 30.,14681.9,14681.9,12350.1,12952.2,14452599808.0,217239803085.0
2017. 12. 31.,12897.7,14377.4,12755.6,14156.4,12136299520.0,237465823980.0
2018. 01. 01.,14112.2,14112.2,13154.7,13657.2,10291200000.0,229119155396.0
2018. 01. 02.,13625.0,15444.6,13163.6,14982.1,16846600192.0,251377913955.0
2018. 01. 03.,14978.2,15572.8,14844.5,15201.0,16871900160.0,255080562912.0
2018. 01. 04.,15270.7,15739.7,14522.2,15599.2,21783199744.0,261795321110.0
2018. 01. 05.,15477.2,17705.2,15202.8,17429.5,23840899072.0,292544135538.0
2018. 01. 06.,17462.1,17712.4,16764.6,17527.0,18314600448.0,294217423675.0
2018. 01. 07.,17527.3,17579.6,16087.7,16477.6,15866000384.0,276634797271.0
2018. 01. 08.,16476.2,16537.9,14208.2,15170.1,18413899776.0,254715263101.0
2018. 01. 09.,15123.7,15497.5,14424.0,14595.4,16659999744.0,245095808695.0
2018. 01. 10.,14588.5,14973.3,13691.2,14973.3,18500800512.0,251472635522.0
2018. 01. 11.,14968.2,15018.8,13105.9,13405.8,16534099968.0,225178724050.0
2018. 01. 12.,13453.9,14229.9,13158.1,13980.6,12065699840.0,234865160377.0
2018. 01. 13.,13952.4,14659.5,13952.4,14360.2,12763599872.0,241268592240.0
2018. 01. 14.,14370.8,14511.8,13268.0,13772.0,11084099584.0,231413491364.0
2018. 01. 15.,13767.3,14445.5,13641.7,13819.8,12750799872.0,232242775485.0
2018. 01. 16.,13836.1,13843.1,10194.9,11490.5,18853799936.0,193121120762.0
2018. 01. 17.,11431.1,11678.0,9402.29,11188.6,18830600192.0,188070430523.0
2018. 01. 18.,11198.8,12107.3,10942.5,11474.9,15020399616.0,192907550324.0
2018. 01. 19.,11429.8,11992.8,11172.1,11607.4,10740400128.0,195158837709.0
2018. 01. 20.,11656.2,13103.0,11656.2,12899.2,11801700352.0,216907619830.0
2018. 01. 21.,12889.2,12895.9,11288.2,11600.1,9935179776.0,195089460991.0
2018. 01. 22.,11633.1,11966.4,10240.2,10931.4,10537400320.0,183866421285.0
2018. 01. 23.,10944.5,11377.6,10129.7,10868.4,9660609536.0,182830257191.0
2018. 01. 24.,10903.4,11501.4,10639.8,11359.4,9940989952.0,191115225673.0
2018. 01. 25.,11421.7,11785.7,11057.4,11259.4,8873169920.0,189455303273.0
2018. 01. 26.,11256.0,11656.7,10470.3,11171.4,9746199552.0,187995804677.0
2018. 01. 27.,11174.9,11614.9,10989.2,11440.7,7583269888.0,192550550498.0
2018. 01. 28.,11475.3,12040.3,11475.3,11786.3,8350360064.0,198389948175.0
2018. 01. 29.,11755.5,11875.6,11179.2,11296.4,7107359744.0,190164444830.0
2018. 01. 30.,11306.8,11307.2,10036.2,10106.3,8637859840.0,170151556678.0
2018. 01. 31.,10108.2,10381.6,9777.42,10221.1,8041160192.0,172099559942.0
2018. 02. 01.,10237.3,10288.8,8812.28,9170.54,9959400448.0,154428564694.0
2018. 02. 02.,9142.28,9142.28,7796.49,8830.75,12726899712.0,148725283812.0
2018. 02. 03.,8852.12,9430.75,8251.63,9174.91,7263790080.0,154540000411.0
2018. 02. 04.,9175.7,9334.87,8031.22,8277.01,7073549824.0,139433682759.0
2018. 02. 05.,8270.54,8364.84,6756.68,6955.27,9285289984.0,117184385122.0
2018. 02. 06.,7051.75,7850.7,6048.26,7754.0,13999800320.0,130658094648.0
2018. 02. 07.,7755.49,8509.11,7236.79,7621.3,9169280000.0,128435001186.0
2018. 02. 08.,7637.86,8558.77,7637.86,8265.59,9346750464.0,139306699929.0
2018. 02. 09.,8271.84,8736.98,7884.71,8736.98,6784820224.0,147266052809.0
2018. 02. 10.,8720.08,9122.55,8295.47,8621.9,7780960256.0,145341842785.0
2018. 02. 11.,8616.13,8616.13,7931.1,8129.97,6122189824.0,137064586975.0
2018. 02. 12.,8141.43,8985.92,8141.43,8926.57,6256439808.0,150513128412.0
2018. 02. 13.,8926.72,8958.47,8455.41,8598.31,5696719872.0,144995984203.0
2018. 02. 14.,8599.92,9518.54,8599.92,9494.63,7909819904.0,160131558835.0
2018. 02. 15.,9488.32,10234.8,9395.58,10166.4,9062540288.0,171477807437.0
2018. 02. 16.,10135.7,10324.1,9824.82,10233.9,7296159744.0,172637061144.0
2018. 02. 17.,10207.5,11139.5,10149.4,11112.7,8660880384.0,187482083882.0
2018. 02. 18.,11123.4,11349.8,10326.0,10551.8,8744009728.0,178040648022.0
2018. 02. 19.,10552.6,11273.8,10513.2,11225.3,7652089856.0,189426791571.0
2018. 02. 20.,11231.8,11958.5,11231.8,11403.7,9926540288.0,192457815912.0
2018. 02. 21.,11372.2,11418.5,10479.1,10690.4,9405339648.0,180442459820.0
2018. 02. 22.,10660.4,11039.1,9939.09,10005.0,8040079872.0,168892273935.0
2018. 02. 23.,9937.07,10487.3,9734.56,10301.1,7739500032.0,173909350860.0
2018. 02. 24.,10287.7,10597.2,9546.97,9813.07,6917929984.0,165687799108.0
2018. 02. 25.,9796.42,9923.22,9407.06,9664.73,5706939904.0,163204062358.0
2018. 02. 26.,9669.43,10475.0,9501.73,10366.7,7287690240.0,175076064010.0
2018. 02. 27.,10393.9,10878.5,10246.1,10725.6,6966179840.0,181158869820.0
2018. 02. 28.,10687.2,11089.8,10393.1,10397.9,6936189952.0,175644310997.0
2018. 03. 01.,10385.0,11052.3,10352.7,10951.0,7317279744.0,185009753075.0
2018. 03. 02.,10977.4,11189.0,10850.1,11086.4,7620590080.0,187318996197.0
2018. 03. 03.,11101.9,11528.2,11002.4,11489.7,6690570240.0,194159120569.0
2018. 03. 04.,11497.4,11512.6,11136.1,11512.6,6084149760.0,194567395376.0
2018. 03. 05.,11532.4,11704.1,11443.9,11573.3,6468539904.0,195614809925.0
2018. 03. 06.,11500.1,11500.1,10694.3,10779.9,6832169984.0,182225316082.0
2018. 03. 07.,10803.9,10929.5,9692.12,9965.57,8797910016.0,168479670395.0
2018. 03. 08.,9951.44,10147.4,9335.87,9395.01,7186089984.0,158852238332.0
2018. 03. 09.,9414.69,9466.35,8513.03,9337.55,8704190464.0,157898203939.0
2018. 03. 10.,9350.59,9531.32,8828.47,8866.0,5386319872.0,149939797150.0
2018. 03. 11.,8852.78,9711.89,8607.12,9578.63,6296370176.0,162009710243.0
2018. 03. 12.,9602.93,9937.5,8956.43,9205.12,6457399808.0,155710928717.0
2018. 03. 13.,9173.04,9470.38,8958.19,9194.85,5991139840.0,155555594312.0
2018. 03. 14.,9214.65,9355.85,8068.59,8269.81,6438230016.0,139920843550.0
2018. 03. 15.,8290.76,8428.35,7783.05,8300.86,6834429952.0,140460819364.0
2018. 03. 16.,8322.91,8585.15,8005.31,8338.35,5289379840.0,141111773179.0
2018. 03. 17.,8321.91,8346.53,7812.82,7916.88,4426149888.0,133993486925.0
2018. 03. 18.,7890.52,8245.51,7397.99,8223.68,6639190016.0,139201713268.0
2018. 03. 19.,8344.12,8675.87,8182.4,8630.65,6729110016.0,146107514353.0
2018. 03. 20.,8619.67,9051.02,8389.89,8913.47,6361789952.0,150909503835.0
2018. 03. 21.,8937.48,9177.37,8846.33,8929.28,6043129856.0,151193917440.0
2018. 03. 22.,8939.44,9100.71,8564.9,8728.47,5530390016.0,147809220250.0
2018. 03. 23.,8736.25,8879.62,8360.62,8879.62,5954120192.0,150383574951.0
2018. 03. 24.,8901.95,8996.18,8665.7,8668.12,5664600064.0,146818882936.0
2018. 03. 25.,8612.81,8682.01,8449.1,8495.78,4569880064.0,143914265310.0
2018. 03. 26.,8498.47,8530.08,7921.43,8209.4,5921039872.0,139078211968.0
2018. 03. 27.,8200.0,8232.78,7797.28,7833.04,5378250240.0,132717053150.0
2018. 03. 28.,7836.83,8122.89,7809.17,7954.48,4935289856.0,134788265876.0
2018. 03. 29.,7979.07,7994.33,7081.38,7165.7,6361229824.0,121436043045.0
2018. 03. 30.,7171.45,7276.66,6683.93,6890.52,6289509888.0,116786562165.0
2018. 03. 31.,6892.48,7207.85,6863.52,6973.53,4553269760.0,118204645927.0
2018. 04. 01.,7003.06,7060.95,6526.87,6844.23,4532100096.0,116026809075.0
2018. 04. 02.,6844.86,7135.47,6816.58,7083.8,4333440000.0,120101932910.0
2018. 04. 03.,7102.26,7530.94,7072.49,7456.11,5499700224.0,126429245883.0
2018. 04. 04.,7456.41,7469.88,6803.88,6853.84,4936000000.0,116229557118.0
2018. 04. 05.,6848.65,6933.82,6644.8,6811.47,5639320064.0,115524404354.0
2018. 04. 06.,6815.96,6857.49,6575.0,6636.32,3766810112.0,112565173568.0
2018. 04. 07.,6630.51,7050.54,6630.51,6911.09,3976610048.0,117241368688.0
2018. 04. 08.,6919.98,7111.56,6919.98,7023.52,3652499968.0,119162880482.0
2018. 04. 09.,7044.32,7178.11,6661.99,6770.73,4894060032.0,114886335694.0
2018. 04. 10.,6795.44,6872.41,6704.15,6834.76,4272750080.0,115978358964.0
2018. 04. 11.,6843.47,6968.32,6817.59,6968.32,4641889792.0,118267198080.0
2018. 04. 12.,6955.38,7899.23,6806.51,7889.25,8906250240.0,133912618634.0
2018. 04. 13.,7901.09,8183.96,7758.93,7895.96,7764460032.0,134043001354.0
2018. 04. 14.,7874.67,8140.71,7846.0,7986.24,5191430144.0,135589384440.0
2018. 04. 15.,7999.33,8338.42,7999.33,8329.11,5244480000.0,141427138383.0
2018. 04. 16.,8337.57,8371.15,7925.73,8058.67,5631309824.0,136849408643.0
2018. 04. 17.,8071.66,8285.96,7881.72,7902.09,6900879872.0,134206623206.0
2018. 04. 18.,7944.43,8197.8,7886.01,8163.42,6529909760.0,138661092884.0
2018. 04. 19.,8159.27,8298.69,8138.78,8294.31,7063209984.0,140902801023.0
2018. 04. 20.,8286.88,8880.23,8244.54,8845.83,8438110208.0,150287113368.0
2018. 04. 21.,8848.79,8997.57,8652.15,8895.58,7548550144.0,151150137128.0
2018. 04. 22.,8925.06,9001.64,8779.61,8802.46,6629899776.0,149585589886.0
2018. 04. 23.,8794.39,8958.55,8788.81,8930.88,6925190144.0,151784994312.0
2018. 04. 24.,8934.34,9732.61,8927.83,9697.5,10678800384.0,164833256250.0
2018. 04. 25.,9701.03,9745.32,8799.84,8845.74,11083100160.0,150369282696.0
2018. 04. 26.,8867.32,9281.51,8727.09,9281.51,8970559488.0,157793327246.0
2018. 04. 27.,9290.63,9375.47,8987.05,8987.05,7566289920.0,152802874822.0
2018. 04. 28.,8939.27,9412.09,8931.99,9348.48,7805479936.0,158963068374.0
2018. 04. 29.,9346.41,9531.49,9193.71,9419.08,8853000192.0,160182287342.0
2018. 04. 30.,9426.11,9477.14,9166.81,9240.55,8673920000.0,157163847314.0
2018. 05. 01.,9251.47,9255.88,8891.05,9119.01,7713019904.0,155114132125.0
2018. 05. 02.,9104.6,9256.52,9015.14,9235.92,7558159872.0,157119854754.0
2018. 05. 03.,9233.97,9798.33,9188.15,9743.86,10207299584.0,165778380092.0
2018. 05. 04.,9695.5,9779.2,9585.96,9700.76,8217829888.0,165062796742.0
2018. 05. 05.,9700.28,9964.5,9695.12,9858.15,7651939840.0,167759953654.0
2018. 05. 06.,9845.31,9940.14,9465.25,9654.8,7222280192.0,164316605278.0
2018. 05. 07.,9645.67,9665.85,9231.53,9373.01,7394019840.0,159538115686.0
2018. 05. 08.,9380.87,9462.75,9127.77,9234.82,7415869952.0,157202142973.0
2018. 05. 09.,9223.73,9374.76,9031.62,9325.18,7226890240.0,158758858205.0
2018. 05. 10.,9325.96,9396.04,9040.52,9043.94,6906699776.0,153988453198.0
2018. 05. 11.,9052.96,9052.96,8394.46,8441.49,8488520192.0,143743802092.0
2018. 05. 12.,8441.44,8664.86,8223.5,8504.89,6821380096.0,144841040789.0
2018. 05. 13.,8515.49,8773.55,8395.12,8723.94,5866379776.0,148587777457.0
2018. 05. 14.,8713.1,8881.12,8367.97,8716.79,7364149760.0,148480275422.0
2018. 05. 15.,8705.19,8836.19,8456.45,8510.38,6705710080.0,144979744412.0
2018. 05. 16.,8504.41,8508.43,8175.49,8368.83,6760220160.0,142587497878.0
2018. 05. 17.,8370.05,8445.54,8054.12,8094.32,5862530048.0,137923772714.0
2018. 05. 18.,8091.83,8274.12,7974.82,8250.97,5764190208.0,140607667610.0
2018. 05. 19.,8255.73,8372.06,8183.35,8247.18,4712399872.0,140559162894.0
2018. 05. 20.,8246.99,8562.41,8205.24,8513.25,5191059968.0,145109512565.0
2018. 05. 21.,8522.33,8557.52,8365.12,8418.99,5154990080.0,143518943480.0
2018. 05. 22.,8419.87,8423.25,8004.58,8041.78,5137010176.0,137104106176.0
2018. 05. 23.,8037.08,8054.66,7507.88,7557.82,6491120128.0,128868479514.0
2018. 05. 24.,7561.12,7738.6,7331.14,7587.34,6049220096.0,129385391552.0
2018. 05. 25.,7592.3,7659.14,7392.65,7480.14,4867829760.0,127573690458.0
2018. 05. 26.,7486.48,7595.16,7349.12,7355.88,4051539968.0,125469061263.0
2018. 05. 27.,7362.08,7381.74,7270.96,7368.22,4056519936.0,125695017596.0
2018. 05. 28.,7371.31,7419.05,7100.89,7135.99,5040600064.0,121747389422.0
2018. 05. 29.,7129.46,7526.42,7090.68,7472.59,5662660096.0,127502651064.0
2018. 05. 30.,7469.73,7573.77,7313.6,7406.52,4922540032.0,126391893474.0
2018. 05. 31.,7406.15,7608.9,7361.13,7494.17,5127130112.0,127902999390.0
2018. 06. 01.,7500.7,7604.73,7407.34,7541.45,4921460224.0,128725854692.0
2018. 06. 02.,7536.72,7695.83,7497.26,7643.45,4939299840.0,130481526036.0
2018. 06. 03.,7632.09,7754.89,7613.04,7720.25,4851760128.0,131808021256.0
2018. 06. 04.,7722.53,7753.82,7474.04,7514.47,4993169920.0,128312205314.0
2018. 06. 05.,7500.9,7643.23,7397.0,7633.76,4961739776.0,130365918088.0
2018. 06. 06.,7625.97,7680.43,7502.01,7653.98,4692259840.0,130725095161.0
2018. 06. 07.,7650.82,7741.27,7650.82,7678.24,4485799936.0,131153169176.0
2018. 06. 08.,7685.14,7698.19,7558.4,7624.92,4227579904.0,130256218613.0
2018. 06. 09.,7632.52,7683.58,7531.98,7531.98,3845220096.0,128682085689.0
2018. 06. 10.,7499.55,7499.55,6709.07,6786.02,5804839936.0,115948312827.0
2018. 06. 11.,6799.29,6910.18,6706.63,6906.92,4745269760.0,118025877189.0
2018. 06. 12.,6905.82,6907.96,6542.08,6582.36,4654380032.0,112491874164.0
2018. 06. 13.,6596.88,6631.66,6285.63,6349.9,5052349952.0,108530585830.0
2018. 06. 14.,6342.75,6707.14,6334.46,6675.35,5138710016.0,114106009748.0
2018. 06. 15.,6674.08,6681.08,6433.87,6456.58,3955389952.0,110378702283.0
2018. 06. 16.,6455.45,6592.49,6402.29,6550.16,3194170112.0,111992015616.0
2018. 06. 17.,6545.53,6589.11,6499.27,6499.27,3104019968.0,111134754810.0
2018. 06. 18.,6510.07,6781.14,6446.68,6734.82,4039200000.0,115176197712.0
2018. 06. 19.,6742.39,6822.5,6709.92,6769.94,4057029888.0,115789919278.0
2018. 06. 20.,6770.76,6821.56,6611.88,6776.55,3888640000.0,115916357344.0
2018. 06. 21.,6780.09,6810.94,6715.17,6729.74,3529129984.0,115129700024.0
2018. 06. 22.,6737.88,6747.08,6006.6,6083.69,5079810048.0,104088814967.0
2018. 06. 23.,6090.1,6224.82,6071.81,6162.48,3431360000.0,105449276520.0
2018. 06. 24.,6164.28,6223.78,5826.41,6173.23,4566909952.0,105646571668.0
2018. 06. 25.,6171.97,6327.37,6119.68,6249.18,5500810240.0,106958465208.0
2018. 06. 26.,6253.55,6290.16,6093.67,6093.67,3279759872.0,104307939200.0
2018. 06. 27.,6084.4,6180.0,6052.85,6157.13,3296219904.0,105403600614.0
2018. 06. 28.,6153.16,6170.41,5873.05,5903.44,3467800064.0,101072353482.0
2018. 06. 29.,5898.13,6261.66,5835.75,6218.3,3966230016.0,106474707240.0
2018. 06. 30.,6214.22,6465.51,6214.22,6404.0,4543860224.0,109665618200.0
2018. 07. 01.,6411.68,6432.85,6289.29,6385.82,4788259840.0,109366024632.0
2018. 07. 02.,6380.38,6683.86,6305.7,6614.18,4396930048.0,113288832522.0
2018. 07. 03.,6596.66,6671.37,6447.75,6529.59,4672309760.0,111849428104.0
2018. 07. 04.,6550.87,6771.92,6450.46,6597.55,4176689920.0,113024522547.0
2018. 07. 05.,6599.71,6749.54,6546.65,6639.14,4999240192.0,113748385620.0
2018. 07. 06.,6638.69,6700.94,6533.55,6673.5,4313959936.0,114350502582.0
2018. 07. 07.,6668.71,6863.99,6579.24,6856.93,3961080064.0,117506606000.0
2018. 07. 08.,6857.8,6885.91,6747.98,6773.88,3386210048.0,116097021279.0
2018. 07. 09.,6775.08,6838.68,6724.34,6741.75,3718129920.0,115557889495.0
2018. 07. 10.,6739.21,6767.74,6320.72,6329.95,4052430080.0,108511009626.0
2018. 07. 11.,6330.77,6444.96,6330.47,6394.71,3644859904.0,109631867446.0
2018. 07. 12.,6396.78,6397.1,6136.42,6228.81,3770170112.0,106798864820.0
2018. 07. 13.,6235.03,6310.55,6192.24,6238.05,3805400064.0,106968440793.0
2018. 07. 14.,6247.5,6298.19,6212.22,6276.12,2923670016.0,107631453835.0
2018. 07. 15.,6272.7,6403.46,6256.51,6359.64,3285459968.0,109074579938.0
2018. 07. 16.,6357.01,6741.75,6357.01,6741.75,4725799936.0,115638203962.0
2018. 07. 17.,6739.65,7387.24,6684.17,7321.04,5961950208.0,125588963706.0
2018. 07. 18.,7315.32,7534.99,7280.47,7370.78,6103410176.0,126458165406.0
2018. 07. 19.,7378.2,7494.46,7295.46,7466.86,5111629824.0,128122730711.0
2018. 07. 20.,7467.4,7594.67,7323.26,7354.13,4936869888.0,126202570251.0
2018. 07. 21.,7352.72,7437.64,7262.41,7419.29,3726609920.0,127333468174.0
2018. 07. 22.,7417.8,7537.95,7383.82,7418.49,3695460096.0,127336615249.0
2018. 07. 23.,7414.71,7771.5,7409.1,7711.11,5132480000.0,132375368459.0
2018. 07. 24.,7716.51,8424.27,7705.5,8424.27,7277689856.0,144634918474.0
2018. 07. 25.,8379.66,8416.87,8086.36,8181.39,5845400064.0,140482950401.0
2018. 07. 26.,8176.85,8290.33,7878.71,7951.58,4899089920.0,136553079708.0
2018. 07. 27.,7950.4,8262.66,7839.76,8165.01,5195879936.0,140235573607.0
2018. 07. 28.,8169.06,8222.85,8110.77,8192.15,3988750080.0,140716560550.0
2018. 07. 29.,8205.82,8272.26,8141.18,8218.46,4107190016.0,141185844808.0
2018. 07. 30.,8221.58,8235.5,7917.5,8180.48,5551400000.0,140547190784.0
2018. 07. 31.,8181.2,8181.53,7696.93,7780.44,5287530000.0,133688476220.0
2018. 08. 01.,7769.04,7769.04,7504.95,7624.91,4797620000.0,131030166771.0
2018. 08. 02.,7634.19,7712.77,7523.44,7567.15,4214110000.0,130052066760.0
2018. 08. 03.,7562.14,7562.14,7328.65,7434.39,4627150000.0,127785826655.0
2018. 08. 04.,7438.67,7497.49,6984.07,7032.85,4268390000.0,120899698889.0
2018. 08. 05.,7031.08,7102.77,6940.7,7068.48,3679110000.0,121526079384.0
2018. 08. 06.,7062.94,7166.55,6890.54,6951.8,3925900000.0,119531508535.0
2018. 08. 07.,6958.32,7146.56,6748.24,6753.12,4682800000.0,116128339800.0
2018. 08. 08.,6746.85,6746.85,6226.22,6305.8,5064430000.0,108448409560.0
2018. 08. 09.,6305.56,6625.73,6249.07,6568.23,4267040000.0,112973963230.0
2018. 08. 10.,6571.42,6591.26,6124.52,6184.71,4528680000.0,106390927598.0
2018. 08. 11.,6185.79,6455.74,6109.03,6295.73,4047850000.0,108314257212.0
2018. 08. 12.,6283.65,6409.85,6237.5,6322.69,5665250000.0,108790259014.0
2018. 08. 13.,6341.36,6537.05,6225.72,6297.57,4083980000.0,108369686635.0
2018. 08. 14.,6287.66,6287.94,5971.05,6199.71,5301700000.0,106696389129.0
2018. 08. 15.,6221.42,6588.49,6221.42,6308.52,4895450000.0,108581773101.0
2018. 08. 16.,6294.23,6473.5,6276.41,6334.73,4328420000.0,109045250379.0
2018. 08. 17.,6340.91,6582.5,6324.97,6580.63,4992990000.0,113290724406.0
2018. 08. 18.,6583.43,6617.35,6353.73,6423.76,3984520000.0,110603014928.0
2018. 08. 19.,6422.57,6537.98,6361.55,6506.07,3311170000.0,112031838393.0
2018. 08. 20.,6500.51,6536.92,6297.93,6308.53,3665100000.0,108642191682.0
2018. 08. 21.,6301.07,6500.87,6298.24,6488.76,3377180000.0,111758100192.0
2018. 08. 22.,6486.25,6816.79,6310.11,6376.71,4668110000.0,109840902181.0
2018. 08. 23.,6371.34,6546.54,6371.34,6534.88,3426180000.0,112577436411.0
2018. 08. 24.,6551.52,6719.96,6498.64,6719.96,4097820000.0,115778358839.0
2018. 08. 25.,6719.95,6789.63,6700.96,6763.19,3312600000.0,116534497933.0
2018. 08. 26.,6754.64,6774.75,6620.75,6707.26,3295500000.0,115585205491.0
2018. 08. 27.,6710.8,6884.64,6689.71,6884.64,4019000000.0,118657885712.0
2018. 08. 28.,6891.08,7109.56,6882.34,7096.28,4659940000.0,122319195736.0
2018. 08. 29.,7091.71,7113.3,6970.82,7047.16,4145880000.0,121484666374.0
2018. 08. 30.,7043.76,7072.69,6834.69,6978.23,4463250000.0,120309828156.0
2018. 08. 31.,6973.97,7057.17,6920.16,7037.58,4495650000.0,121346613238.0
2018. 09. 01.,7044.81,7242.29,7038.05,7193.25,4116050000.0,124044625438.0
2018. 09. 02.,7189.58,7306.31,7132.16,7272.72,4329540000.0,125427780027.0
2018. 09. 03.,7279.03,7317.94,7208.15,7260.06,4087760000.0,125222785390.0
2018. 09. 04.,7263.0,7388.26,7255.44,7361.66,4273640000.0,126986882925.0
2018. 09. 05.,7361.46,7388.43,6792.83,6792.83,5800460000.0,117185657641.0
2018. 09. 06.,6755.14,6755.14,6404.72,6529.17,5523470000.0,112649565532.0
2018. 09. 07.,6528.92,6555.29,6396.87,6467.07,4264680000.0,111590424587.0
2018. 09. 08.,6460.17,6534.25,6197.52,6225.98,3835060000.0,107442122871.0
2018. 09. 09.,6223.38,6446.26,6201.22,6300.86,3671890000.0,108747090915.0
2018. 09. 10.,6301.57,6374.98,6292.76,6329.7,3714100000.0,109255603474.0
2018. 09. 11.,6331.88,6398.92,6260.21,6321.2,3849910000.0,109119948884.0
2018. 09. 12.,6317.01,6363.87,6265.09,6351.8,4064230000.0,109661521297.0
2018. 09. 13.,6354.24,6535.41,6354.24,6517.31,4210910000.0,112530970182.0
2018. 09. 14.,6515.41,6596.1,6456.17,6512.71,4076220000.0,112462453186.0
2018. 09. 15.,6509.4,6561.72,6493.55,6543.2,3216300000.0,113000324618.0
2018. 09. 16.,6536.68,6544.33,6460.1,6517.18,3273730000.0,112562367224.0
2018. 09. 17.,6514.06,6540.21,6257.52,6281.2,3910780000.0,108497127334.0
2018. 09. 18.,6280.91,6384.18,6265.71,6371.3,4180090000.0,110064685348.0
2018. 09. 19.,6371.85,6448.46,6208.34,6398.54,4431340000.0,110547735544.0
2018. 09. 20.,6398.85,6529.26,6395.95,6519.67,4348110000.0,112653130183.0
2018. 09. 21.,6513.87,6794.33,6496.36,6734.95,6531940000.0,116385068032.0
2018. 09. 22.,6735.05,6814.56,6616.8,6721.98,4509660000.0,116173876360.0
2018. 09. 23.,6715.32,6766.15,6679.42,6710.63,4197500000.0,115990387532.0
2018. 09. 24.,6704.77,6713.56,6580.9,6595.41,4177310000.0,114011060309.0
2018. 09. 25.,6603.64,6603.64,6381.86,6446.47,4726180000.0,111450035114.0
2018. 09. 26.,6452.79,6585.91,6397.89,6495.0,4437300000.0,112300336125.0
2018. 09. 27.,6495.29,6712.1,6464.95,6676.75,4606810000.0,115454861756.0
2018. 09. 28.,6678.75,6785.03,6598.32,6644.13,5014430000.0,114903584220.0
2018. 09. 29.,6643.1,6643.1,6511.65,6601.96,4363690000.0,114186839964.0
2018. 09. 30.,6604.71,6643.78,6566.54,6625.56,4002280000.0,114608519470.0
2018. 10. 01.,6619.85,6653.3,6549.08,6589.62,4000970000.0,113999846113.0
2018. 10. 02.,6593.24,6611.84,6537.9,6556.1,3979260000.0,113431019760.0
2018. 10. 03.,6553.86,6571.46,6454.03,6502.59,3887310000.0,112516993837.0
2018. 10. 04.,6497.91,6603.31,6497.91,6576.69,3838410000.0,113811343543.0
2018. 10. 05.,6574.15,6623.62,6557.41,6622.48,3671500000.0,114614764674.0
2018. 10. 06.,6622.45,6628.54,6577.8,6588.31,3259740000.0,114033598927.0
2018. 10. 07.,6590.68,6641.49,6557.04,6602.95,3306630000.0,114298880311.0
2018. 10. 08.,6600.19,6675.06,6576.04,6652.23,3979460000.0,115162906843.0
2018. 10. 09.,6653.08,6661.41,6606.94,6642.64,3580810000.0,115007759484.0
2018. 10. 10.,6640.29,6640.29,6538.96,6585.53,3787650000.0,114030835912.0
2018. 10. 11.,6586.74,6586.74,6243.74,6256.24,5181640000.0,108341572839.0
2018. 10. 12.,6239.25,6328.5,6236.47,6274.58,3783500000.0,108669526315.0
2018. 10. 13.,6278.08,6308.51,6259.81,6285.99,3064030000.0,108878136724.0
2018. 10. 14.,6288.49,6363.21,6280.15,6290.93,3085320000.0,108972590373.0
2018. 10. 15.,6292.64,6965.06,6258.68,6596.54,7370770000.0,114280022340.0
2018. 10. 16.,6601.41,6673.59,6571.37,6596.11,4074800000.0,114283707152.0
2018. 10. 17.,6590.52,6601.21,6517.45,6544.43,4088420000.0,113399343801.0
2018. 10. 18.,6542.33,6567.54,6450.04,6476.71,3924080000.0,112237252159.0
2018. 10. 19.,6478.07,6493.68,6445.31,6465.41,3578870000.0,112052990522.0
2018. 10. 20.,6460.92,6497.72,6449.0,6489.19,3379130000.0,112476559221.0
2018. 10. 21.,6490.09,6556.38,6476.0,6482.35,3253610000.0,112369106369.0
2018. 10. 22.,6486.05,6543.8,6462.98,6487.16,3672860000.0,112465213723.0
2018. 10. 23.,6472.36,6506.01,6451.27,6475.74,3716150000.0,112279779884.0
2018. 10. 24.,6478.89,6521.99,6468.86,6495.84,3424670000.0,112637293966.0
2018. 10. 25.,6484.65,6504.65,6447.03,6476.29,3230550000.0,112309554478.0
2018. 10. 26.,6468.44,6498.29,6449.61,6474.75,3306050000.0,112294341019.0
2018. 10. 27.,6480.84,6507.41,6453.53,6480.38,3393250000.0,112403001148.0
2018. 10. 28.,6482.66,6502.28,6447.91,6486.39,3445190000.0,112518434372.0
2018. 10. 29.,6492.35,6503.6,6306.99,6332.63,4199910000.0,109862898081.0
2018. 10. 30.,6337.04,6364.99,6310.14,6334.27,3781100000.0,109903543419.0
2018. 10. 31.,6336.99,6349.16,6316.88,6317.61,4191240000.0,109627117226.0
2018. 11. 01.,6318.14,6547.14,6311.83,6377.78,3789400000.0,110683820788.0
2018. 11. 02.,6378.92,6396.86,6327.38,6388.44,4234870000.0,110880236966.0
2018. 11. 03.,6387.24,6400.07,6342.37,6361.26,3658640000.0,110421212888.0
2018. 11. 04.,6365.47,6388.63,6294.57,6376.13,4390020000.0,110689215104.0
2018. 11. 05.,6363.62,6480.59,6363.62,6419.66,4174800000.0,111456211022.0
2018. 11. 06.,6433.38,6463.55,6408.16,6461.01,4700040000.0,112095603776.0
2018. 11. 07.,6468.5,6552.16,6468.31,6530.14,4941260000.0,113395632955.0
2018. 11. 08.,6522.27,6536.92,6438.53,6453.72,4665260000.0,112078367037.0
2018. 11. 09.,6442.6,6456.46,6373.37,6385.62,4346820000.0,110905767441.0
2018. 11. 10.,6386.13,6437.28,6385.31,6409.22,3705320000.0,111326145314.0
2018. 11. 11.,6413.63,6423.25,6350.17,6411.27,3939060000.0,111373453740.0
2018. 11. 12.,6411.76,6434.21,6360.47,6371.27,4295770000.0,110689666528.0
2018. 11. 13.,6373.19,6395.27,6342.67,6359.49,4503800000.0,110494466204.0
2018. 11. 14.,6351.24,6371.55,5544.09,5738.35,7398940000.0,99712077259.0
2018. 11. 15.,5736.15,5774.82,5358.38,5648.03,7032140000.0,98151606541.0
2018. 11. 16.,5645.32,5657.02,5498.94,5575.55,5279320000.0,96900828780.0
2018. 11. 17.,5578.58,5578.58,5519.56,5554.33,4303150000.0,96542098114.0
2018. 11. 18.,5559.74,5653.61,5559.74,5623.54,4159680000.0,97753714643.0
2018. 11. 19.,5620.78,5620.78,4842.91,4871.49,7039560000.0,84688539692.0
2018. 11. 20.,4863.93,4951.61,4272.11,4451.87,8428290000.0,77401044320.0
2018. 11. 21.,4465.54,4675.73,4343.98,4602.17,6120120000.0,80020171047.0
2018. 11. 22.,4611.57,4629.64,4365.64,4365.94,4569370000.0,75919439809.0
2018. 11. 23.,4360.7,4396.42,4195.68,4347.11,4871490000.0,75598851166.0
2018. 11. 24.,4347.69,4413.09,3795.16,3880.76,4679500000.0,67495633205.0
2018. 11. 25.,3880.78,4120.87,3585.06,4009.97,6825640000.0,69749265801.0
2018. 11. 26.,4015.07,4107.14,3643.92,3779.13,6476900000.0,65739289046.0
2018. 11. 27.,3765.95,3862.96,3661.01,3820.72,5998720000.0,66468970322.0
2018. 11. 28.,3822.47,4385.9,3822.47,4257.42,7280280000.0,74072560088.0
2018. 11. 29.,4269.0,4413.02,4145.77,4278.85,6503347767.0,74451016927.0
2018. 11. 30.,4289.09,4322.98,3942.82,4017.27,6048016717.0,69904637061.0
2018. 12. 01.,4024.46,4309.38,3969.71,4214.67,5375314093.0,73346194969.0
2018. 12. 02.,4200.73,4301.52,4110.98,4139.88,5262697895.0,72050487506.0
2018. 12. 03.,4147.32,4155.98,3840.45,3894.13,5089570994.0,67779050170.0
2018. 12. 04.,3886.29,4075.63,3832.75,3956.89,5028069239.0,68878292608.0
2018. 12. 05.,3958.89,3969.54,3753.99,3753.99,5302481574.0,65352496336.0
2018. 12. 06.,3754.07,3874.97,3521.1,3521.1,5878333109.0,61303965508.0
2018. 12. 07.,3512.59,3512.59,3280.23,3419.94,6835615448.0,59547645578.0
2018. 12. 08.,3421.91,3506.04,3350.65,3476.11,5305024497.0,60531278392.0
2018. 12. 09.,3473.23,3685.31,3469.09,3614.23,4947372847.0,62942160928.0
2018. 12. 10.,3612.05,3647.33,3470.14,3502.66,5020968740.0,61004445982.0
2018. 12. 11.,3497.55,3513.18,3392.25,3424.59,4696765188.0,59650201102.0
2018. 12. 12.,3421.46,3534.23,3413.48,3486.95,4139364829.0,60741625426.0
2018. 12. 13.,3487.88,3489.74,3298.13,3313.68,4343372456.0,57728688216.0
2018. 12. 14.,3311.75,3329.56,3206.54,3242.48,4372763663.0,56494379457.0
2018. 12. 15.,3244.0,3275.38,3191.3,3236.76,3551763561.0,56400691425.0
2018. 12. 16.,3236.27,3305.75,3233.82,3252.84,3744248994.0,56685436644.0
2018. 12. 17.,3253.12,3597.92,3253.12,3545.86,5409247918.0,61798926687.0
2018. 12. 18.,3544.76,3701.35,3487.17,3696.06,5911325473.0,64422587801.0
2018. 12. 19.,3706.82,3949.32,3687.23,3745.95,6810689119.0,65299132785.0
2018. 12. 20.,3742.2,4191.23,3728.97,4134.44,8927129279.0,72078243771.0
2018. 12. 21.,4133.7,4198.43,3850.95,3896.54,7206015706.0,67937650255.0
2018. 12. 22.,3898.08,4014.18,3855.74,4014.18,5605823233.0,69997508295.0
2018. 12. 23.,4020.99,4085.72,3976.41,3998.98,6151275490.0,69741217417.0
2018. 12. 24.,4000.33,4271.79,4000.33,4078.6,7240968501.0,71137548589.0
2018. 12. 25.,4081.03,4089.56,3760.02,3815.49,6158207293.0,66556033172.0
2018. 12. 26.,3819.67,3893.36,3769.86,3857.3,5326547918.0,67292819465.0
2018. 12. 27.,3854.69,3874.42,3645.45,3654.83,5130222366.0,63768757101.0
2018. 12. 28.,3653.13,3956.14,3642.63,3923.92,5631554348.0,68471837969.0
2018. 12. 29.,3932.49,3963.76,3820.41,3820.41,4991655917.0,66672244158.0
2018. 12. 30.,3822.38,3901.91,3797.22,3865.95,4770578575.0,67475512827.0
2018. 12. 31.,3866.84,3868.74,3725.87,3742.7,4661840806.0,65331499158.0
2019. 01. 01.,3746.71,3850.91,3707.23,3843.52,4324200990.0,67098634181.0
2019. 01. 02.,3849.22,3947.98,3817.41,3943.41,5244856836.0,68849856732.0
2019. 01. 03.,3931.05,3935.69,3826.22,3836.74,4530215219.0,66994920903.0
2019. 01. 04.,3832.04,3865.93,3783.85,3857.72,4847965467.0,67368333500.0
2019. 01. 05.,3851.97,3904.9,3836.9,3845.19,5137609824.0,67157570935.0
2019. 01. 06.,3836.52,4093.3,3826.51,4076.63,5597027440.0,71206795853.0
2019. 01. 07.,4078.59,4092.61,4020.89,4025.25,5228625637.0,70316305580.0
2019. 01. 08.,4028.47,4109.02,3996.96,4030.85,5306593305.0,70422743854.0
2019. 01. 09.,4031.55,4068.4,4022.66,4035.3,5115905225.0,70508733459.0
2019. 01. 10.,4034.41,4064.07,3659.17,3678.92,6874143796.0,64288932886.0
2019. 01. 11.,3674.02,3713.88,3653.07,3687.37,5538712865.0,64443301117.0
2019. 01. 12.,3686.97,3698.98,3653.81,3661.3,4778170883.0,63994140882.0
2019. 01. 13.,3658.87,3674.76,3544.93,3552.95,4681302466.0,62106461671.0
2019. 01. 14.,3557.31,3727.84,3552.29,3706.05,5651384490.0,64789619995.0
2019. 01. 15.,3704.22,3720.15,3619.95,3630.68,5537192302.0,63477817959.0
2019. 01. 16.,3631.51,3685.78,3624.67,3655.01,5394457145.0,63909348776.0
2019. 01. 17.,3651.87,3680.14,3621.96,3678.56,5464420383.0,64327048255.0
2019. 01. 18.,3677.99,3682.52,3637.08,3657.84,5002961727.0,63970991867.0
2019. 01. 19.,3652.38,3758.53,3652.38,3728.57,5955691380.0,65214103659.0
2019. 01. 20.,3725.45,3743.39,3583.02,3601.01,5582489560.0,62990143284.0
2019. 01. 21.,3600.37,3608.84,3558.54,3576.03,5004347059.0,62559869612.0
2019. 01. 22.,3575.08,3620.75,3539.72,3604.58,5313623556.0,63065139424.0
2019. 01. 23.,3605.56,3623.07,3565.31,3585.12,5433755649.0,62731361272.0
2019. 01. 24.,3584.5,3616.09,3569.09,3600.87,5262869046.0,63014066012.0
2019. 01. 25.,3607.39,3612.93,3575.6,3599.77,5265847539.0,63000985908.0
2019. 01. 26.,3599.72,3654.93,3593.35,3602.46,5098183235.0,63054898963.0
2019. 01. 27.,3604.69,3612.67,3567.25,3583.97,5570752966.0,62737274093.0
2019. 01. 28.,3584.28,3586.75,3439.23,3470.45,6908930483.0,60756570314.0
2019. 01. 29.,3468.87,3476.07,3400.82,3448.12,5897159493.0,60371874099.0
2019. 01. 30.,3443.9,3495.17,3429.39,3486.18,5955112627.0,61044262622.0
2019. 01. 31.,3485.41,3504.8,3447.92,3457.79,5831198271.0,60553903928.0
2019. 02. 01.,3460.55,3501.95,3431.59,3487.95,5422926707.0,61088747491.0
2019. 02. 02.,3484.63,3523.29,3467.57,3521.06,5071623601.0,61675119055.0
2019. 02. 03.,3516.14,3521.39,3447.92,3464.01,5043937584.0,60681847608.0
2019. 02. 04.,3467.21,3476.22,3442.59,3459.15,5332718886.0,60603083461.0
2019. 02. 05.,3454.95,3478.15,3451.94,3466.36,5227549545.0,60735563490.0
2019. 02. 06.,3469.09,3469.09,3398.57,3413.77,5482196038.0,59821158612.0
2019. 02. 07.,3414.93,3427.95,3394.22,3399.47,5004962683.0,59578075991.0
2019. 02. 08.,3401.38,3695.61,3391.02,3666.78,7735623101.0,64270269953.0
2019. 02. 09.,3671.59,3679.94,3646.56,3671.2,6158833645.0,64354732475.0
2019. 02. 10.,3673.2,3695.04,3640.98,3690.19,6282256903.0,64694025951.0
2019. 02. 11.,3695.61,3695.61,3642.29,3648.43,6277056434.0,63968390250.0
2019. 02. 12.,3642.75,3668.59,3618.56,3653.53,6480384532.0,64063755250.0
2019. 02. 13.,3653.6,3669.75,3617.25,3632.07,6438903823.0,63694394519.0
2019. 02. 14.,3631.17,3646.26,3607.7,3616.88,6271044418.0,63434486052.0
2019. 02. 15.,3617.37,3647.8,3608.21,3620.81,6091952231.0,63509111125.0
2019. 02. 16.,3615.27,3652.84,3615.27,3629.79,5934744052.0,63673369195.0
2019. 02. 17.,3633.36,3680.54,3619.18,3673.84,7039512503.0,64453368779.0
2019. 02. 18.,3671.37,3936.67,3669.98,3915.71,9908216640.0,68704389994.0
2019. 02. 19.,3911.66,4010.88,3908.15,3947.09,9933626655.0,69262673238.0
2019. 02. 20.,3946.68,4000.49,3926.25,3999.82,8693373948.0,70194350042.0
2019. 02. 21.,4000.26,4010.01,3940.11,3954.12,7775128102.0,69398333876.0
2019. 02. 22.,3952.41,4006.54,3950.82,4005.53,7826525254.0,70308555857.0
2019. 02. 23.,3998.92,4166.29,3968.73,4142.53,8922258316.0,72720867208.0
2019. 02. 24.,4145.46,4210.64,3793.71,3810.43,10794227451.0,66897483404.0
2019. 02. 25.,3807.0,3913.71,3807.0,3882.7,9318796067.0,68173204651.0
2019. 02. 26.,3878.7,3891.58,3837.99,3854.36,7931218996.0,67683296223.0
2019. 02. 27.,3857.48,3888.8,3787.06,3851.05,8301309684.0,67631949500.0
2019. 02. 28.,3848.26,3906.06,3845.82,3854.79,8399767798.0,67704774107.0
2019. 03. 01.,3853.76,3907.8,3851.69,3859.58,7661247975.0,67796965743.0
2019. 03. 02.,3855.32,3874.61,3832.13,3864.42,7578786076.0,67888255371.0
2019. 03. 03.,3862.27,3875.48,3836.91,3847.18,7253558152.0,67592376373.0
2019. 03. 04.,3845.09,3867.38,3733.75,3761.56,9029175788.0,66094551587.0
2019. 03. 05.,3759.83,3903.92,3745.18,3896.38,10174126415.0,68470655400.0
2019. 03. 06.,3897.08,3919.51,3871.46,3903.94,9175291529.0,68609885776.0
2019. 03. 07.,3903.38,3939.37,3894.11,3911.48,9584165519.0,68749421311.0
2019. 03. 08.,3913.23,3950.43,3875.23,3901.13,10638638944.0,68574579320.0
2019. 03. 09.,3894.55,3987.24,3892.39,3963.31,10796103518.0,69674508655.0
2019. 03. 10.,3966.17,3966.17,3924.38,3951.6,9713267607.0,69475297370.0
2019. 03. 11.,3953.74,3966.38,3889.24,3905.23,10125901903.0,68666928026.0
2019. 03. 12.,3903.76,3926.89,3863.56,3909.16,9809887079.0,68743000581.0
2019. 03. 13.,3913.05,3926.6,3891.9,3906.72,9469184841.0,68706700381.0
2019. 03. 14.,3905.58,3946.5,3901.3,3924.37,10480789570.0,69024696307.0
2019. 03. 15.,3926.66,3968.54,3914.02,3960.91,9394210605.0,69675002377.0
2019. 03. 16.,3963.9,4077.04,3961.66,4048.73,9856166973.0,71227967573.0
2019. 03. 17.,4047.72,4054.12,4006.41,4025.23,8221625400.0,70821939585.0
2019. 03. 18.,4029.97,4071.56,4009.12,4032.51,9646954186.0,70958165407.0
2019. 03. 19.,4032.69,4082.22,4023.81,4071.19,9344919956.0,71647703828.0
2019. 03. 20.,4070.79,4089.46,4031.11,4087.48,10175916388.0,71942444088.0
2019. 03. 21.,4083.95,4097.36,4005.15,4029.33,10831212662.0,70926226882.0
2019. 03. 22.,4028.51,4053.91,4021.54,4023.97,9252935969.0,70840048102.0
2019. 03. 23.,4022.71,4049.88,4015.96,4035.83,9578850549.0,71056017910.0
2019. 03. 24.,4035.16,4040.7,4006.19,4022.17,9144851065.0,70823042992.0
2019. 03. 25.,4024.11,4038.84,3934.03,3963.07,10359818883.0,69789872373.0
2019. 03. 26.,3969.23,3985.08,3944.75,3985.08,10707678815.0,70184147203.0
2019. 03. 27.,3984.24,4087.07,3977.81,4087.07,10897131934.0,71987847571.0
2019. 03. 28.,4087.58,4094.9,4040.27,4069.11,9353915899.0,71678998915.0
2019. 03. 29.,4068.3,4113.5,4034.1,4098.37,10918665557.0,72202088875.0
2019. 03. 30.,4092.14,4296.81,4053.91,4106.66,9732688060.0,72355190645.0
2019. 03. 31.,4105.46,4113.02,4094.1,4105.4,9045122443.0,72339379036.0
2019. 04. 01.,4105.36,4164.95,4096.9,4158.18,10157794171.0,73269368747.0
2019. 04. 02.,4156.92,4905.95,4155.32,4879.88,21315047816.0,85986009273.0
2019. 04. 03.,4879.96,5307.0,4876.62,4973.02,22899891582.0,87655288145.0
2019. 04. 04.,4971.31,5063.16,4836.79,4922.8,18251810240.0,86778727821.0
2019. 04. 05.,4922.81,5053.51,4919.49,5036.68,16837325387.0,88796118650.0
2019. 04. 06.,5036.79,5205.82,4992.22,5059.82,16929795194.0,89212733450.0
2019. 04. 07.,5062.79,5235.19,5050.41,5198.9,16655416140.0,91674230186.0
2019. 04. 08.,5199.84,5318.84,5148.21,5289.77,17154113634.0,93286365973.0
2019. 04. 09.,5289.92,5289.92,5167.42,5204.96,14722104361.0,91799330425.0
2019. 04. 10.,5204.11,5421.65,5193.38,5324.55,15504590933.0,93918439274.0
2019. 04. 11.,5325.08,5354.23,5017.3,5064.49,16555616019.0,89341168457.0
2019. 04. 12.,5061.2,5103.27,4955.85,5089.54,13675206313.0,89792633045.0
2019. 04. 13.,5088.85,5127.12,5061.59,5096.59,10823289598.0,89925574875.0
2019. 04. 14.,5095.76,5184.02,5053.57,5167.72,10391952498.0,91188595341.0
2019. 04. 15.,5167.32,5196.61,5024.07,5067.11,12290155061.0,89422237603.0
2019. 04. 16.,5066.58,5238.95,5055.19,5235.56,11618660197.0,92404613297.0
2019. 04. 17.,5236.14,5274.28,5219.21,5251.94,12438480677.0,92702617458.0
2019. 04. 18.,5251.48,5319.99,5250.51,5298.39,13256489918.0,93532402741.0
2019. 04. 19.,5298.15,5336.68,5233.34,5303.81,13780238655.0,93638345002.0
2019. 04. 20.,5304.16,5358.49,5295.88,5337.89,13169647522.0,94248717444.0
2019. 04. 21.,5335.88,5359.93,5257.34,5314.53,13731844223.0,93847052256.0
2019. 04. 22.,5312.49,5422.69,5280.28,5399.37,14601631648.0,95354207776.0
2019. 04. 23.,5399.37,5633.8,5389.41,5572.36,15867308108.0,98417387004.0
2019. 04. 24.,5571.51,5642.04,5418.26,5464.87,17048033399.0,96530038144.0
2019. 04. 25.,5466.52,5542.24,5181.34,5210.52,15330283408.0,92046492864.0
2019. 04. 26.,5210.3,5383.63,5177.37,5279.35,16812108040.0,93272287960.0
2019. 04. 27.,5279.47,5310.75,5233.64,5268.29,13111274675.0,93086156556.0
2019. 04. 28.,5271.75,5326.23,5255.68,5285.14,12819992056.0,93391244395.0
2019. 04. 29.,5284.86,5311.27,5216.49,5247.35,13735490672.0,92737510865.0
2019. 04. 30.,5247.73,5363.26,5224.19,5350.73,13878964574.0,94573826828.0
2019. 05. 01.,5350.91,5418.0,5347.65,5402.7,13679528237.0,95501110091.0
2019. 05. 02.,5402.42,5522.26,5394.22,5505.28,14644460907.0,97330112147.0
2019. 05. 03.,5505.55,5865.88,5490.2,5768.29,18720780006.0,101986240859.0
2019. 05. 04.,5769.2,5886.89,5645.47,5831.17,17567780766.0,103112021259.0
2019. 05. 05.,5831.07,5833.86,5708.04,5795.71,14808830723.0,102494420158.0
2019. 05. 06.,5791.69,5802.96,5653.69,5746.81,15737171804.0,101640471056.0
2019. 05. 07.,5745.6,5988.18,5741.4,5829.5,18026409033.0,103112368557.0
2019. 05. 08.,5849.48,5989.98,5794.72,5982.46,15320605300.0,105829143585.0
2019. 05. 09.,5982.32,6183.04,5982.32,6174.53,16784645411.0,109238600750.0
2019. 05. 10.,6175.82,6434.62,6161.52,6378.85,19419875368.0,112863284035.0
2019. 05. 11.,6379.67,7333.0,6375.7,7204.77,28867562329.0,127488435181.0
2019. 05. 12.,7203.51,7503.87,6815.77,6972.37,27773333680.0,123389710222.0
2019. 05. 13.,6971.18,8047.41,6898.28,7814.92,28677672182.0,138316573807.0
2019. 05. 14.,7807.88,8268.71,7696.39,7994.42,32031452227.0,141508656735.0
2019. 05. 15.,7989.37,8216.42,7899.11,8205.17,28344112920.0,145254332460.0
2019. 05. 16.,8194.5,8320.82,7729.61,7884.91,33167197581.0,139599559278.0
2019. 05. 17.,7886.93,7929.15,7038.12,7343.9,30066644905.0,130034777633.0
2019. 05. 18.,7341.66,7447.27,7251.5,7271.21,21354286562.0,128761727083.0
2019. 05. 19.,7267.96,8261.94,7267.96,8197.69,25902422040.0,145185076705.0
2019. 05. 20.,8196.92,8200.97,7678.78,7978.31,23843404340.0,141315695728.0
2019. 05. 21.,7977.97,8062.17,7843.34,7963.33,25127245056.0,141065573610.0
2019. 05. 22.,7956.29,7997.61,7615.99,7680.07,24719473175.0,136063898960.0
2019. 05. 23.,7677.27,7943.79,7533.2,7881.85,24457107820.0,139654107035.0
2019. 05. 24.,7881.7,8140.72,7824.45,7987.37,25919126991.0,141539115575.0
2019. 05. 25.,7991.89,8117.93,7965.98,8052.54,22256813107.0,142708188838.0
2019. 05. 26.,8055.21,8687.52,7924.67,8673.22,26677970092.0,153725486067.0
2019. 05. 27.,8674.07,8907.17,8668.7,8805.78,27949839564.0,156093754762.0
2019. 05. 28.,8802.76,8807.02,8634.72,8719.96,24226919267.0,154590202287.0
2019. 05. 29.,8718.59,8755.85,8482.73,8659.49,23473479966.0,153537047655.0
2019. 05. 30.,8661.76,9008.31,8221.27,8319.47,29246528551.0,147525141134.0
2019. 05. 31.,8320.29,8586.66,8172.55,8574.5,25365190957.0,152059886414.0
2019. 06. 01.,8573.84,8625.6,8481.58,8564.02,22488303544.0,151890214310.0
2019. 06. 02.,8565.47,8809.3,8561.24,8742.96,20266216022.0,155077231351.0
2019. 06. 03.,8741.75,8743.5,8204.19,8208.99,22004511436.0,145619047341.0
2019. 06. 04.,8210.99,8210.99,7564.49,7707.77,24609731549.0,136742790469.0
2019. 06. 05.,7704.34,7901.85,7668.67,7824.23,21760923463.0,138824651666.0
2019. 06. 06.,7819.63,7937.34,7571.47,7822.02,19474611077.0,138800725479.0
2019. 06. 07.,7826.9,8126.15,7788.37,8043.95,19141423231.0,142754693588.0
2019. 06. 08.,8036.77,8076.89,7837.61,7954.13,16522722810.0,141172841635.0
2019. 06. 09.,7949.67,7975.97,7583.22,7688.08,16610726547.0,136465098533.0
2019. 06. 10.,7692.28,8031.91,7586.73,8000.33,18689275118.0,142023351079.0
2019. 06. 11.,8004.24,8026.39,7772.8,7927.71,17107279932.0,140748537530.0
2019. 06. 12.,7925.43,8196.65,7862.36,8145.86,19034432883.0,144634684711.0
2019. 06. 13.,8145.55,8311.57,8087.06,8230.92,18669407147.0,146160317148.0
2019. 06. 14.,8230.9,8710.64,8183.39,8693.83,19831162906.0,154398880249.0
2019. 06. 15.,8689.75,8859.13,8618.4,8838.38,18371033227.0,156982138835.0
2019. 06. 16.,8841.44,9335.87,8814.56,8994.49,23348550311.0,159769423370.0
2019. 06. 17.,8988.92,9416.41,8988.92,9320.35,15562951919.0,165573372261.0
2019. 06. 18.,9335.47,9348.37,9004.9,9081.76,15848210536.0,161353637186.0
2019. 06. 19.,9078.73,9299.62,9070.4,9273.52,15546809946.0,164780855869.0
2019. 06. 20.,9273.06,9594.42,9232.48,9527.16,17846823784.0,169304784791.0
2019. 06. 21.,9525.07,10144.56,9525.07,10144.56,20624008643.0,180293241528.0
2019. 06. 22.,10175.92,11157.35,10107.04,10701.69,29995204861.0,190214124824.0
2019. 06. 23.,10696.69,11246.14,10556.1,10855.37,20998326502.0,192970090355.0
2019. 06. 24.,10853.74,11065.9,10610.43,11011.1,19271652365.0,195762668679.0
2019. 06. 25.,11007.2,11790.92,11007.2,11790.92,24879684533.0,209647943360.0
2019. 06. 26.,11778.58,13796.49,11755.6,13016.23,45105733173.0,231462117209.0
2019. 06. 27.,13017.12,13311.14,10491.85,11182.81,39977475223.0,198878940964.0
2019. 06. 28.,11162.17,12445.18,10914.49,12407.33,35087757766.0,220681459666.0
2019. 06. 29.,12400.76,12400.91,11508.38,11959.37,29923961128.0,212739713110.0
2019. 06. 30.,11931.99,12178.38,10799.01,10817.16,27256473495.0,192442065810.0
2019. 07. 01.,10796.93,11206.44,10089.31,10583.13,29378589324.0,188297637574.0
2019. 07. 02.,10588.68,10912.19,9737.88,10801.68,31015895223.0,192206536806.0
2019. 07. 03.,10818.16,11968.08,10818.16,11961.27,30796494294.0,212867079175.0
2019. 07. 04.,11972.72,12006.08,11166.57,11215.44,25920294033.0,199617404432.0
2019. 07. 05.,11203.1,11395.66,10874.96,10978.46,23838480210.0,195424678267.0
2019. 07. 06.,10982.54,11620.97,10982.54,11208.55,21092024306.0,199546110914.0
2019. 07. 07.,11217.62,11541.62,11148.8,11450.85,19369044277.0,203881891346.0
2019. 07. 08.,11446.6,12345.83,11393.37,12285.96,23482551458.0,218778355444.0
2019. 07. 09.,12284.33,12779.13,12233.26,12573.81,28167921523.0,223928128583.0
2019. 07. 10.,12571.54,13129.53,11710.98,12156.51,33627574244.0,216515999522.0
2019. 07. 11.,12139.71,12144.62,11158.92,11358.66,28595327690.0,202324174692.0
2019. 07. 12.,11354.3,11905.49,11179.14,11815.99,23534692797.0,210494417832.0
2019. 07. 13.,11813.13,11841.96,10908.48,11392.38,21042616384.0,202968191001.0
2019. 07. 14.,11381.02,11451.2,10234.58,10256.06,22486000001.0,182741933552.0
2019. 07. 15.,10257.84,11052.77,9992.01,10895.09,25384047207.0,194147627475.0
2019. 07. 16.,10896.65,10996.63,9448.11,9477.64,24151199070.0,168908640950.0
2019. 07. 17.,9471.21,9963.13,9163.13,9693.8,24569921549.0,172777250515.0
2019. 07. 18.,9698.5,10736.84,9376.8,10666.48,25187024648.0,190129918121.0
2019. 07. 19.,10653.96,10716.98,10229.63,10530.73,20727426310.0,187725578628.0
2019. 07. 20.,10525.82,11048.66,10451.28,10767.14,20206615155.0,191963691255.0
2019. 07. 21.,10777.53,10841.89,10389.6,10599.11,17130580467.0,188987475962.0
2019. 07. 22.,10596.95,10651.79,10154.92,10343.11,16334414913.0,184443440748.0
2019. 07. 23.,10346.75,10346.75,9883.6,9900.77,17851916995.0,176572890702.0
2019. 07. 24.,9887.73,9908.8,9614.31,9811.93,17398734322.0,175005760794.0
2019. 07. 25.,9809.1,10154.25,9773.96,9911.84,15821952091.0,176806451137.0
2019. 07. 26.,9913.13,9916.52,9717.98,9870.3,14495714483.0,176085968354.0
2019. 07. 27.,9871.16,10167.32,9411.52,9477.68,16817809536.0,169099540423.0
2019. 07. 28.,9491.63,9575.55,9252.3,9552.86,13738687093.0,170461958074.0
2019. 07. 29.,9548.18,9681.65,9472.95,9519.15,13791445323.0,169880343827.0
2019. 07. 30.,9522.33,9701.76,9437.34,9607.42,13829811132.0,171472452506.0
2019. 07. 31.,9604.05,10085.63,9598.1,10085.63,16631520648.0,180028959603.0
2019. 08. 01.,10077.44,10446.92,9922.02,10399.67,17165337858.0,185653203391.0
2019. 08. 02.,10402.04,10657.95,10371.01,10518.17,17489094082.0,187791090996.0
2019. 08. 03.,10519.28,10946.78,10503.5,10821.73,15352685061.0,193233960601.0
2019. 08. 04.,10821.63,11009.21,10620.28,10970.18,16530894787.0,195907875403.0
2019. 08. 05.,10960.74,11895.09,10960.74,11805.65,23875988832.0,210848822060.0
2019. 08. 06.,11811.55,12273.82,11290.73,11478.17,23635107660.0,205023347814.0
2019. 08. 07.,11476.19,12036.99,11433.7,11941.97,22194988641.0,213330426789.0
2019. 08. 08.,11954.04,11979.42,11556.17,11966.41,19481591730.0,213788089212.0
2019. 08. 09.,11953.47,11970.46,11709.75,11862.94,18339989960.0,211961319133.0
2019. 08. 10.,11861.56,11915.66,11323.9,11354.02,18125355447.0,202890020455.0
2019. 08. 11.,11349.74,11523.58,11248.29,11523.58,15774371518.0,205941632235.0
2019. 08. 12.,11528.19,11528.19,11320.95,11382.62,13647198229.0,203441494985.0
2019. 08. 13.,11385.05,11420.05,10830.33,10895.83,16681503537.0,194762696644.0
2019. 08. 14.,10889.49,10889.56,10028.14,10051.7,19990838300.0,179692803424.0
2019. 08. 15.,10038.42,10437.41,9675.32,10311.55,22899115082.0,184357666577.0
2019. 08. 16.,10319.42,10524.35,9855.48,10374.34,20228207096.0,185500055339.0
2019. 08. 17.,10358.72,10452.62,10086.7,10231.74,13778035685.0,182966857173.0
2019. 08. 18.,10233.01,10487.07,10119.09,10345.81,12999813869.0,185022920955.0
2019. 08. 19.,10350.28,10916.05,10313.2,10916.05,16038264603.0,195243306008.0
2019. 08. 20.,10916.35,10947.04,10618.96,10763.23,15053082175.0,192530283565.0
2019. 08. 21.,10764.57,10798.73,9962.72,10138.05,19473084768.0,181364502142.0
2019. 08. 22.,10142.52,10233.0,9831.46,10131.06,17097508856.0,181257125783.0
2019. 08. 23.,10136.31,10442.44,10078.19,10407.97,15627023886.0,186231409722.0
2019. 08. 24.,10407.64,10418.02,9982.3,10159.96,15451030650.0,181813631752.0
2019. 08. 25.,10160.74,10304.62,10008.79,10138.52,14153856610.0,181450186164.0
2019. 08. 26.,10126.3,10512.33,10126.3,10370.82,18438654080.0,185625235889.0
2019. 08. 27.,10372.83,10381.33,10087.3,10185.5,14762609503.0,182325540955.0
2019. 08. 28.,10203.43,10279.37,9716.66,9754.42,17603790323.0,174627460400.0
2019. 08. 29.,9756.79,9756.79,9421.63,9510.2,17045878501.0,170274910132.0
2019. 08. 30.,9514.84,9656.12,9428.3,9598.17,13595263986.0,171869216524.0
2019. 08. 31.,9597.54,9673.22,9531.8,9630.66,11454806419.0,172470743516.0
2019. 09. 01.,9630.59,9796.76,9582.94,9757.97,11445355859.0,174768292883.0
2019. 09. 02.,9757.47,10396.59,9730.65,10346.76,17248102294.0,185333114163.0
2019. 09. 03.,10345.73,10736.1,10308.55,10623.54,19384917989.0,190312487956.0
2019. 09. 04.,10621.18,10762.64,10434.71,10594.49,16742664769.0,189810010608.0
2019. 09. 05.,10588.18,10627.27,10516.42,10575.53,14551239508.0,189492405383.0
2019. 09. 06.,10578.2,10898.76,10292.3,10353.3,19536574783.0,185530405363.0
2019. 09. 07.,10353.93,10558.67,10348.92,10517.25,15307366477.0,188488525926.0
2019. 09. 08.,10518.11,10595.64,10409.09,10441.28,13670567493.0,187150078007.0
2019. 09. 09.,10443.23,10450.31,10144.93,10334.97,17595943368.0,185263578990.0
2019. 09. 10.,10336.41,10394.35,10020.57,10115.98,14906809639.0,181360731383.0
2019. 09. 11.,10123.03,10215.95,9980.78,10178.37,15428063426.0,182502788242.0
2019. 09. 12.,10176.82,10442.25,10099.24,10410.13,15323563925.0,186678943059.0
2019. 09. 13.,10415.36,10441.49,10226.6,10360.55,14109864675.0,185809163035.0
2019. 09. 14.,10345.4,10422.13,10291.69,10358.05,13468713124.0,185784300332.0
2019. 09. 15.,10356.47,10387.03,10313.09,10347.71,12043433567.0,185618174384.0
2019. 09. 16.,10347.22,10386.87,10189.74,10276.79,15160167779.0,184366827555.0
2019. 09. 17.,10281.51,10296.77,10199.74,10241.27,15304603363.0,183748515828.0
2019. 09. 18.,10247.8,10275.93,10191.47,10198.25,16169268880.0,182998899156.0
2019. 09. 19.,10200.5,10295.67,9851.69,10266.41,19937691247.0,184240949577.0
2019. 09. 20.,10266.32,10285.87,10132.19,10181.64,14734189639.0,182738947696.0
2019. 09. 21.,10183.65,10188.1,10000.71,10019.72,13425266806.0,179853287294.0
2019. 09. 22.,10024.12,10074.44,9922.53,10070.39,13199651699.0,180784051699.0
2019. 09. 23.,10067.96,10074.24,9727.14,9729.32,15144925408.0,174674558023.0
2019. 09. 24.,9729.32,9804.32,8370.8,8620.57,25002886689.0,154785821876.0
2019. 09. 25.,8603.43,8744.83,8325.4,8486.99,21744728353.0,152404005091.0
2019. 09. 26.,8487.67,8515.69,7895.63,8118.97,19258205289.0,145812492488.0
2019. 09. 27.,8113.1,8271.52,7965.92,8251.85,16408941156.0,148212635834.0
2019. 09. 28.,8251.27,8285.62,8125.43,8245.92,14141152736.0,148122503616.0
2019. 09. 29.,8246.04,8261.71,7990.5,8104.19,13034629109.0,145590374681.0
2019. 09. 30.,8104.23,8314.23,7830.76,8293.87,17115474184.0,149011567415.0
2019. 10. 01.,8299.72,8497.69,8232.68,8343.28,15305343413.0,149913972768.0
2019. 10. 02.,8344.21,8393.04,8227.7,8393.04,13125712443.0,150823797662.0
2019. 10. 03.,8390.77,8414.23,8146.44,8259.99,13668823409.0,148448162840.0
2019. 10. 04.,8259.49,8260.06,8151.24,8205.94,13139456229.0,147491804056.0
2019. 10. 05.,8210.15,8215.53,8071.12,8151.5,12200497197.0,146529229668.0
2019. 10. 06.,8149.88,8161.41,7958.85,7988.16,13160830305.0,143607672862.0
2019. 10. 07.,7989.12,8308.45,7905.77,8245.62,18009742607.0,148252589805.0
2019. 10. 08.,8246.85,8332.72,8185.76,8228.78,15592264032.0,147966069982.0
2019. 10. 09.,8229.84,8627.71,8169.3,8595.74,19384942333.0,154579656110.0
2019. 10. 10.,8585.28,8625.27,8471.93,8586.47,17618660671.0,154430515160.0
2019. 10. 11.,8585.26,8721.78,8316.18,8321.76,19604381101.0,149685618275.0
2019. 10. 12.,8315.66,8415.24,8313.34,8336.56,14532641605.0,149965767624.0
2019. 10. 13.,8336.9,8470.99,8276.61,8321.01,13808286059.0,149700817939.0
2019. 10. 14.,8320.83,8390.21,8284.13,8374.69,15151387859.0,150680499056.0
2019. 10. 15.,8373.46,8410.71,8182.71,8205.37,15220412632.0,147650082215.0
2019. 10. 16.,8204.67,8216.81,7985.09,8047.53,16071646996.0,144823993562.0
2019. 10. 17.,8047.81,8134.83,8000.94,8103.91,14313052244.0,145853994298.0
2019. 10. 18.,8100.93,8138.41,7902.16,7973.21,15651592610.0,143517630376.0
2019. 10. 19.,7973.8,8082.63,7944.78,7988.56,13797825640.0,143808163807.0
2019. 10. 20.,7997.81,8281.82,7949.44,8222.08,15504249442.0,148026597064.0
2019. 10. 21.,8225.12,8296.69,8196.42,8243.72,15868748866.0,148432733155.0
2019. 10. 22.,8243.4,8296.65,8074.46,8078.2,16803377857.0,145469660005.0
2019. 10. 23.,8076.23,8093.0,7469.32,7514.67,21942878958.0,135337364282.0
2019. 10. 24.,7509.73,7532.87,7446.99,7493.49,16268708849.0,134968410276.0
2019. 10. 25.,7490.7,8691.54,7479.98,9583.1,28705065488.0,156006603607.0
2019. 10. 26.,8667.58,10021.74,8662.62,9182.49,44496255609.0,166547360782.0
2019. 10. 27.,9241.71,9749.53,9112.54,9702.01,32593129501.0,172087039875.0
2019. 10. 28.,9565.1,9805.12,9256.15,9286.4,30948255332.0,166777392742.0
2019. 10. 29.,9248.44,9516.18,9232.65,9336.31,28426779937.0,169883866262.0
2019. 10. 30.,9422.46,9426.87,9085.37,9181.25,27706531577.0,165899500650.0
2019. 10. 31.,9202.46,9383.16,9028.72,9156.06,26583653947.0,165804227835.0
2019. 11. 01.,9193.99,9275.66,9132.05,9291.64,24324691031.0,166928044164.0
2019. 11. 02.,9259.78,9377.49,9249.59,9358.91,21242676385.0,168090392935.0
2019. 11. 03.,9324.79,9379.81,9141.25,9214.41,21132220847.0,166495319475.0
2019. 11. 04.,9235.61,9505.05,9191.49,9436.97,26170255634.0,169706332936.0
2019. 11. 05.,9413.0,9457.42,9256.93,9340.88,26198609048.0,168459778835.0
2019. 11. 06.,9340.86,9423.24,9305.91,9334.17,23133895765.0,168806151583.0
2019. 11. 07.,9352.39,9368.48,9202.35,9193.31,22700383839.0,167138722904.0
2019. 11. 08.,9265.37,9272.76,8775.53,8848.06,24333037836.0,158808570729.0
2019. 11. 09.,8809.47,8891.82,8793.16,8902.56,17578630606.0,158981489715.0
2019. 11. 10.,8812.49,9103.83,8806.16,8817.14,20587919881.0,163364406732.0
2019. 11. 11.,9056.92,9081.28,8700.61,8802.49,20265510765.0,158009772437.0
2019. 11. 12.,8759.75,8853.77,8685.43,8787.96,20309769107.0,159068712900.0
2019. 11. 13.,8812.03,8836.84,8761.65,8795.85,17545755405.0,158949942842.0
2019. 11. 14.,8811.94,8826.94,8692.55,8708.1,19084739975.0,157160974644.0
2019. 11. 15.,8705.71,8730.87,8484.84,8527.1,21796856471.0,153277483626.0
2019. 11. 16.,8491.17,8592.0,8473.97,8550.76,16495389808.0,154354054194.0
2019. 11. 17.,8549.47,8727.79,8500.97,8568.06,18668638897.0,154861842425.0
2019. 11. 18.,8573.98,8653.28,8273.57,8309.29,21579470673.0,150025712267.0
2019. 11. 19.,8305.13,8408.52,8099.96,8206.15,21083613816.0,148178376843.0
2019. 11. 20.,8203.61,8237.24,8010.51,8027.27,20764300437.0,144962727398.0
2019. 11. 21.,8023.64,8110.1,7597.38,7642.75,22514243371.0,138031885379.0
2019. 11. 22.,7643.57,7697.38,6936.71,7296.58,34242315785.0,131791783672.0
2019. 11. 23.,7296.16,7442.26,7151.42,7397.8,21008924418.0,133636205957.0
2019. 11. 24.,7398.63,7408.58,7029.29,7047.92,30433517289.0,127327398565.0
2019. 11. 25.,7039.98,7319.86,6617.17,7146.13,42685231262.0,129112952930.0
2019. 11. 26.,7145.16,7320.23,7098.57,7218.37,21129505542.0,130429018720.0
2019. 11. 27.,7220.88,7619.69,6974.17,7531.66,23991412764.0,136102712894.0
2019. 11. 28.,7536.82,7730.07,7454.12,7463.11,19050116751.0,134879411013.0
2019. 11. 29.,7466.73,7781.18,7460.76,7761.24,19709695456.0,140280108521.0
2019. 11. 30.,7764.06,7836.1,7515.85,7569.63,17158194786.0,136829391049.0
2019. 12. 01.,7571.62,7571.62,7291.34,7424.29,18720708479.0,134215145410.0
2019. 12. 02.,7424.04,7474.82,7233.4,7321.99,17082040706.0,132378982377.0
2019. 12. 03.,7323.98,7418.86,7229.36,7320.15,14797485769.0,132359942301.0
2019. 12. 04.,7320.13,7539.78,7170.92,7252.03,21664240918.0,131143073943.0
2019. 12. 05.,7253.24,7743.43,7232.68,7448.31,18816085231.0,134706455048.0
2019. 12. 06.,7450.56,7547.0,7392.18,7547.0,18104466307.0,136504883935.0
2019. 12. 07.,7547.27,7589.95,7525.71,7556.24,15453520564.0,136686769529.0
2019. 12. 08.,7551.34,7634.61,7476.09,7564.35,15409908086.0,136847419896.0
2019. 12. 09.,7561.8,7618.09,7365.99,7400.9,17872021272.0,133904005787.0
2019. 12. 10.,7397.13,7424.02,7246.04,7278.12,18249031195.0,131696121855.0
2019. 12. 11.,7277.2,7324.16,7195.53,7217.43,16350490689.0,130609895528.0
2019. 12. 12.,7216.74,7266.64,7164.74,7243.13,18927080224.0,131087151088.0
2019. 12. 13.,7244.66,7293.56,7227.12,7269.68,17125736940.0,131581377758.0
2019. 12. 14.,7268.9,7308.84,7097.21,7124.67,17137029730.0,128970221233.0
2019. 12. 15.,7124.24,7181.08,6924.38,7152.3,16881129804.0,129481424648.0
2019. 12. 16.,7153.66,7171.17,6903.68,6932.48,20213265950.0,125515586952.0
2019. 12. 17.,6931.32,6964.07,6587.97,6640.52,22363804217.0,120234244809.0
2019. 12. 18.,6647.7,7324.98,6540.05,7276.8,31836522778.0,131754969804.0
2019. 12. 19.,7277.59,7346.6,7041.38,7202.84,25904604416.0,130445758713.0
2019. 12. 20.,7208.64,7257.92,7086.12,7218.82,22633815180.0,130752796980.0
2019. 12. 21.,7220.59,7223.23,7112.74,7191.16,19312552168.0,130267655889.0
2019. 12. 22.,7191.19,7518.03,7167.18,7511.59,23134537956.0,136088022049.0
2019. 12. 23.,7508.9,7656.18,7326.19,7355.63,27831788041.0,133275709111.0
2019. 12. 24.,7354.39,7535.72,7269.53,7322.53,22991622105.0,132687583295.0
2019. 12. 25.,7325.76,7357.02,7220.99,7275.16,21559505149.0,131840641292.0
2019. 12. 26.,7274.8,7388.3,7200.39,7238.97,22787010034.0,131200030100.0
2019. 12. 27.,7238.14,7363.53,7189.93,7290.09,22777360996.0,132139502950.0
2019. 12. 28.,7289.03,7399.04,7286.91,7317.99,21365673026.0,132659059740.0
2019. 12. 29.,7317.65,7513.95,7279.87,7422.65,22445257702.0,134570835775.0
2019. 12. 30.,7420.27,7454.82,7276.31,7293.0,22874131672.0,132235128152.0
2019. 12. 31.,7294.44,7335.29,7169.78,7193.6,21167946112.0,130446112598.0
2020. 01. 01.,7194.89,7254.33,7174.94,7200.17,18565664997.0,130580829150.0
2020. 01. 02.,7202.55,7212.16,6935.27,6985.47,20802083465.0,126699395235.0
2020. 01. 03.,6984.43,7413.72,6915.0,7344.88,28111481032.0,133233444755.0
2020. 01. 04.,7345.38,7427.39,7309.51,7410.66,18444271275.0,134442464030.0
2020. 01. 05.,7410.45,7544.5,7400.54,7411.32,19725074095.0,134469548249.0
2020. 01. 06.,7410.45,7781.87,7409.29,7769.22,23276261598.0,140976457304.0
2020. 01. 07.,7768.68,8178.22,7768.23,8163.69,28767291327.0,148152237654.0
2020. 01. 08.,8161.94,8396.74,7956.77,8079.86,31672559265.0,146645162431.0
2020. 01. 09.,8082.3,8082.3,7842.4,7879.07,24045990466.0,143016572819.0
2020. 01. 10.,7878.31,8166.55,7726.77,8166.55,28714583844.0,148249907277.0
2020. 01. 11.,8162.19,8218.36,8029.64,8037.54,25521165085.0,145924199942.0
2020. 01. 12.,8033.26,8200.06,8009.06,8192.49,22903438381.0,148752956966.0
2020. 01. 13.,8189.77,8197.79,8079.7,8144.19,22482910688.0,147890525973.0
2020. 01. 14.,8140.93,8879.51,8140.93,8827.76,44841784107.0,160319484883.0
2020. 01. 15.,8825.34,8890.12,8657.19,8807.01,40102834650.0,159959191212.0
2020. 01. 16.,8812.48,8846.46,8612.1,8723.79,31313981931.0,158465055984.0
2020. 01. 17.,8725.21,8958.12,8677.32,8929.04,36372139320.0,162211148778.0
2020. 01. 18.,8927.21,9012.2,8827.33,8942.81,32337772627.0,162475965880.0
2020. 01. 19.,8941.45,9164.36,8620.08,8706.25,34217320471.0,158194319735.0
2020. 01. 20.,8704.63,8745.59,8560.47,8657.64,26422375678.0,157327553259.0
2020. 01. 21.,8658.99,8755.71,8544.52,8745.89,24097418512.0,158947996834.0
2020. 01. 22.,8744.21,8792.99,8636.75,8680.88,22600204051.0,157783273070.0
2020. 01. 23.,8680.65,8687.75,8333.64,8406.52,25770680779.0,152813329633.0
2020. 01. 24.,8405.57,8514.67,8266.84,8445.43,24397913026.0,153536829768.0
2020. 01. 25.,8440.12,8458.45,8296.22,8367.85,19647331549.0,152143262650.0
2020. 01. 26.,8364.41,8602.4,8325.5,8596.83,22177678796.0,156322174637.0
2020. 01. 27.,8597.31,8977.73,8597.31,8909.82,28647338393.0,162027957435.0
2020. 01. 28.,8912.52,9358.59,8908.45,9358.59,34398744403.0,170205617955.0
2020. 01. 29.,9357.47,9406.43,9269.47,9316.63,30682598115.0,169460984603.0
2020. 01. 30.,9316.02,9553.13,9230.9,9508.99,32378792851.0,172978577931.0
2020. 01. 31.,9508.31,9521.71,9230.78,9350.53,29432489719.0,170112778161.0
2020. 02. 01.,9346.36,9439.32,9313.24,9392.88,25922656496.0,170900662180.0
2020. 02. 02.,9389.82,9468.8,9217.82,9344.37,30835736946.0,170034976662.0
2020. 02. 03.,9344.68,9540.37,9248.63,9293.52,30934096509.0,169126861034.0
2020. 02. 04.,9292.84,9331.27,9112.81,9180.96,29893183716.0,167093636162.0
2020. 02. 05.,9183.42,9701.3,9163.7,9613.42,35222060874.0,174983423933.0
2020. 02. 06.,9617.82,9824.62,9539.82,9729.8,37628823716.0,177118274394.0
2020. 02. 07.,9726.0,9834.72,9726.0,9795.94,34522718159.0,178339437206.0
2020. 02. 08.,9793.07,9876.75,9678.91,9865.12,35172043762.0,179615828322.0
2020. 02. 09.,9863.89,10129.44,9850.39,10116.67,35807884663.0,184214765394.0
2020. 02. 10.,10115.56,10165.77,9784.56,9856.61,39386548075.0,179494809266.0
2020. 02. 11.,9855.89,10210.05,9729.33,10208.24,37648059389.0,185917114989.0
2020. 02. 12.,10202.39,10393.61,10202.39,10326.05,43444303830.0,188081204386.0
2020. 02. 13.,10323.96,10457.63,10116.16,10214.38,49356071373.0,186065003526.0
2020. 02. 14.,10211.55,10322.0,10125.53,10312.12,43338264162.0,187862645449.0
2020. 02. 15.,10313.86,10341.56,9874.43,9889.42,43865054831.0,180179996219.0
2020. 02. 16.,9889.18,10053.97,9722.39,9934.43,43374780305.0,181017665264.0
2020. 02. 17.,9936.56,9938.82,9507.64,9690.14,45998298413.0,176585280987.0
2020. 02. 18.,9691.23,10161.94,9632.38,10142.0,47271023953.0,184838512656.0
2020. 02. 19.,10143.8,10191.68,9611.22,9633.39,46992019710.0,175585931679.0
2020. 02. 20.,9629.33,9643.22,9507.9,9608.48,44925260237.0,175147142158.0
2020. 02. 21.,9611.78,9723.01,9589.74,9686.44,40930547513.0,176587087363.0
2020. 02. 22.,9687.71,9698.23,9600.73,9663.18,35838025154.0,176180696548.0
2020. 02. 23.,9663.32,9937.4,9657.79,9924.52,41185185761.0,180963233540.0
2020. 02. 24.,9921.58,9951.75,9537.04,9650.17,45080496648.0,175977808526.0
2020. 02. 25.,9651.31,9652.74,9305.02,9341.71,42515259129.0,170369581558.0
2020. 02. 26.,9338.29,9354.78,8704.43,8820.52,50420050762.0,160879489024.0
2020. 02. 27.,8825.09,8932.89,8577.2,8784.49,45470195695.0,160238496932.0
2020. 02. 28.,8788.73,8890.46,8492.93,8672.46,44605450443.0,158211707019.0
2020. 02. 29.,8671.21,8775.63,8599.51,8599.51,35792392544.0,156895988084.0
2020. 03. 01.,8599.76,8726.8,8471.21,8562.45,35349164300.0,156238987740.0
2020. 03. 02.,8563.26,8921.31,8532.63,8869.67,42857674409.0,161861167745.0
2020. 03. 03.,8865.39,8901.6,8704.99,8787.79,42386715821.0,160383579416.0
2020. 03. 04.,8788.54,8843.37,8712.43,8755.25,34746706368.0,159807857328.0
2020. 03. 05.,8760.29,9142.05,8757.25,9078.76,39698054597.0,165731679918.0
2020. 03. 06.,9078.31,9167.7,9032.08,9122.55,40826885651.0,166548261960.0
2020. 03. 07.,9121.6,9163.22,8890.74,8909.95,36216930370.0,162684945903.0
2020. 03. 08.,8908.21,8914.34,8105.25,8108.12,39973102121.0,148060284561.0
2020. 03. 09.,8111.15,8177.79,7690.1,7923.64,46936995808.0,144706353758.0
2020. 03. 10.,7922.15,8136.95,7814.76,7909.73,42213940994.0,144465567734.0
2020. 03. 11.,7910.09,7950.81,7642.81,7911.43,38682762605.0,144508402671.0
2020. 03. 12.,7913.62,7929.12,4860.35,4970.79,53980357243.0,90804613601.0
2020. 03. 13.,5017.83,5838.11,4106.98,5563.71,74156772075.0,101644613038.0
2020. 03. 14.,5573.08,5625.23,5125.07,5200.37,36154506008.0,95014981944.0
2020. 03. 15.,5201.07,5836.65,5169.28,5392.31,33997889639.0,98530059890.0
2020. 03. 16.,5385.23,5385.23,4575.36,5014.48,45368026430.0,91633478850.0
2020. 03. 17.,5002.58,5371.35,4981.91,5225.63,38622642935.0,95499941183.0
2020. 03. 18.,5227.11,5331.83,5069.34,5238.44,37878801016.0,95740715529.0
2020. 03. 19.,5245.42,6329.74,5236.97,6191.19,51000731797.0,113162079956.0
2020. 03. 20.,6191.65,6844.26,5865.78,6198.78,54442976103.0,113309245860.0
2020. 03. 21.,6206.52,6378.14,5932.82,6185.07,42494390880.0,113068192795.0
2020. 03. 22.,6185.56,6359.7,5823.71,5830.25,40099664740.0,106591196069.0
2020. 03. 23.,5831.37,6443.93,5785.0,6416.31,46491916000.0,117314776187.0
2020. 03. 24.,6436.64,6789.02,6411.07,6734.8,48221910672.0,123148917787.0
2020. 03. 25.,6738.72,6892.51,6536.93,6681.06,44590107888.0,122174009143.0
2020. 03. 26.,6675.17,6735.46,6590.96,6716.44,35319797642.0,122834375216.0
2020. 03. 27.,6719.39,6793.84,6466.7,6469.8,34585598367.0,118336082172.0
2020. 03. 28.,6467.25,6467.5,6117.84,6242.19,34885225901.0,114183689641.0
2020. 03. 29.,6245.62,6250.47,5920.09,5922.04,28373690931.0,108338520156.0
2020. 03. 30.,5925.54,6517.2,5903.23,6429.84,37101651525.0,117640143688.0
2020. 03. 31.,6430.61,6504.52,6374.16,6438.64,32786468812.0,117814077267.0
2020. 04. 01.,6437.32,6612.57,6202.37,6606.78,40346426266.0,120903014693.0
2020. 04. 02.,6606.78,7088.25,6595.92,6793.62,47660646124.0,124335130640.0
2020. 04. 03.,6797.4,7003.22,6673.34,6733.39,38976504903.0,123244051100.0
2020. 04. 04.,6738.38,6878.95,6696.48,6867.53,33185988584.0,125712834530.0
2020. 04. 05.,6862.54,6883.41,6715.93,6791.13,29510409856.0,124328853512.0
2020. 04. 06.,6788.05,7271.78,6782.89,7271.78,46896904615.0,133140400948.0
2020. 04. 07.,7273.64,7427.94,7136.71,7176.41,44243482668.0,131409299432.0
2020. 04. 08.,7179.28,7356.22,7153.31,7334.1,37563249549.0,134309895036.0
2020. 04. 09.,7337.97,7341.45,7179.09,6811.63,34815139178.0,133737857010.0
2020. 04. 10.,7303.82,7303.82,6802.47,6865.49,43622840992.0,125755496117.0
2020. 04. 11.,6867.44,6926.07,6789.92,6827.63,31222085946.0,125651623116.0
2020. 04. 12.,6858.07,7119.95,6811.08,6971.09,35759567632.0,127716846208.0
2020. 04. 13.,6965.62,6965.62,6668.26,6893.13,38619308647.0,125422221237.0
2020. 04. 14.,6843.28,6958.56,6793.82,6903.86,34110434052.0,125388687977.0
2020. 04. 15.,6845.56,6928.66,6633.4,6651.08,32288311031.0,121731940639.0
2020. 04. 16.,6640.45,7134.45,6555.5,7094.8,46783242377.0,130445413270.0
2020. 04. 17.,7116.55,7167.18,7050.33,7135.47,32513423567.0,130078472088.0
2020. 04. 18.,7092.29,7269.96,7089.25,7273.05,32447188386.0,133053136876.0
2020. 04. 19.,7260.92,7280.52,7167.05,7230.72,31311210215.0,131815853850.0
2020. 04. 20.,7186.87,7240.29,6835.5,6897.5,37747113936.0,126192239912.0
2020. 04. 21.,6879.78,6934.55,6834.44,6887.02,32589741511.0,126175238603.0
2020. 04. 22.,6879.44,7145.87,6867.78,7137.15,33249153866.0,130530916077.0
2020. 04. 23.,7121.31,7491.78,7081.59,7543.4,43500782316.0,136275638031.0
2020. 04. 24.,7434.18,7574.2,7434.18,7566.87,34636526286.0,138512029491.0
2020. 04. 25.,7550.48,7641.36,7521.67,7607.83,32941541447.0,138874072264.0
2020. 04. 26.,7570.14,7700.59,7561.41,7756.13,33070154491.0,140903867573.0
